Mã,Tiêu đề,Nhóm,Độ khó,Phút,XP,Đang bật,Mô tả,Số bước,Các bước,Lợi ích (benefits),CẢNH BÁO: tiêu đề quá dài,CẢNH BÁO: thiếu mô tả,CẢNH BÁO: trùng tiêu đề với,Ghi chú rà soát
4.1,Tổ chức buổi chia sẻ tích cực (Positive Sharing Event),community,community,30,50,có,Gợi ý người dùng tổ chức một buổi gặp gỡ trực tuyến với bạn bè để chia sẻ về những điều tích cực trong cuộc sống.,5,"1. Lấy một cuốn sổ hoặc mở ứng dụng ghi chú. | 2. Hồi tưởng lại những khoảnh khắc, sự việc vừa diễn ra trong ngày. | 3. Viết ra 3 điều cụ thể mà bạn cảm thấy biết ơn hoặc tự hào. | 4. Viết kèm lý do tại sao điều đó lại có ý nghĩa với bạn. | 5. Đọc lại danh sách và mỉm cười ghi nhận những giá trị tốt đẹp.",Tái cấu trúc thần kinh (neuroplasticity) theo hướng tích cực; Giảm triệu chứng trầm cảm lên đến 30% nếu thực hành lâu dài; Tăng cường sản sinh serotonin tự nhiên,,,,
4.2,Góp sức cho cộng đồng (Volunteer Challenge) – Tương tác xã hội mức độ 3,community,community,30,50,có,"Tham gia vào một hoạt động tình nguyện tại địa phương (thu gom rác, phát quà từ thiện, giúp đỡ những người có hoàn cảnh khó khăn). Qua đó chúng ta thấy được bản thân còn may mắn hơn nhiều người khác mất đi tay, chân, giọng nói, bị tật nguyền khác…",5,"1. Xác định người hoặc tổ chức bạn muốn tương tác hoặc giúp đỡ. | 2. Chủ động liên hệ, gọi điện hoặc lên kế hoạch gặp mặt. | 3. Giao tiếp với thái độ chân thành, cởi mở, không phán xét. | 4. Lắng nghe tích cực và thể hiện sự thiện chí/đóng góp của bạn. | 5. Ghi nhận cảm xúc ấm áp sau khi kết nối xã hội hoàn thành.","Tăng nồng độ Oxytocin (hormone gắn kết tình cảm, giảm stress); Giảm cảm giác cô đơn và trầm cảm; Tạo động lực và nâng cao sự tự tôn thông qua giá trị trao đi",DÀI 71 ký tự,,,
4.3,Dạy kỹ năng cho người khác (Teaching Task),community,community,30,50,có,"Chia sẻ một kỹ năng đơn giản (nấu ăn, làm thủ công) cho bạn bè hoặc thành viên gia đình.",5,"1. Xác định người hoặc tổ chức bạn muốn tương tác hoặc giúp đỡ. | 2. Chủ động liên hệ, gọi điện hoặc lên kế hoạch gặp mặt. | 3. Giao tiếp với thái độ chân thành, cởi mở, không phán xét. | 4. Lắng nghe tích cực và thể hiện sự thiện chí/đóng góp của bạn. | 5. Ghi nhận cảm xúc ấm áp sau khi kết nối xã hội hoàn thành.","Tăng nồng độ Oxytocin (hormone gắn kết tình cảm, giảm stress); Giảm cảm giác cô đơn và trầm cảm; Tạo động lực và nâng cao sự tự tôn thông qua giá trị trao đi",,,,
1.1,Hiểu về sự căng thẳng,easy,easy,5,15,có,"Giúp người dùng hiểu được bản chất sự căng thẳng, mệt mỏi và thậm chí mất mát. Nguồn gốc và lí tại sao đôi lúc trong cuộc sống vẫn cần sự căng thẳng.",5,"1. Bước 1: Tìm một không gian yên tĩnh và dừng các việc đang làm. | 2. Bước 2: Hít một hơi thật sâu và chuẩn bị tinh thần thư giãn. | 3. Bước 3: Bắt đầu thực hiện bài tập 'Hiểu về sự căng thẳng'. | 4. Bước 4: Tập trung vào cảm nhận hiện tại, loại bỏ những suy nghĩ phiền nhiễu. | 5. Bước 5: Ghi nhận sự thay đổi tích cực sau khi hoàn thành.","Giảm mức độ cortisol, giúp hệ thần kinh thư giãn; Tạo ra hormone hạnh phúc (endorphin/dopamine); Giúp chuyển hướng sự chú ý khỏi tác nhân gây lo âu",,,,
1.1,Tắm nắng,easy,easy,5,15,có,"Dành thời gian để tắm nắng, tận hưởng ánh nắng rất tốt cho da và tâm trạng",5,"1. Bước 1: Tìm một không gian yên tĩnh và dừng các việc đang làm. | 2. Bước 2: Hít một hơi thật sâu và chuẩn bị tinh thần thư giãn. | 3. Bước 3: Bắt đầu thực hiện bài tập 'Tắm nắng'. | 4. Bước 4: Tập trung vào cảm nhận hiện tại, loại bỏ những suy nghĩ phiền nhiễu. | 5. Bước 5: Ghi nhận sự thay đổi tích cực sau khi hoàn thành.","Giảm mức độ cortisol, giúp hệ thần kinh thư giãn; Tạo ra hormone hạnh phúc (endorphin/dopamine); Giúp chuyển hướng sự chú ý khỏi tác nhân gây lo âu",,,,
1.11,Một mình ngắm hoàng hôn và bình minh,easy,easy,5,15,có,,5,"1. Bước 1: Tìm một không gian yên tĩnh và dừng các việc đang làm. | 2. Bước 2: Hít một hơi thật sâu và chuẩn bị tinh thần thư giãn. | 3. Bước 3: Bắt đầu thực hiện bài tập 'Một mình ngắm hoàng hôn và bình minh'. | 4. Bước 4: Tập trung vào cảm nhận hiện tại, loại bỏ những suy nghĩ phiền nhiễu. | 5. Bước 5: Ghi nhận sự thay đổi tích cực sau khi hoàn thành.","Giảm mức độ cortisol, giúp hệ thần kinh thư giãn; Tạo ra hormone hạnh phúc (endorphin/dopamine); Giúp chuyển hướng sự chú ý khỏi tác nhân gây lo âu",,THIẾU MÔ TẢ,,
1.12,Bỏ kết bạn và theo dõi các thông tin bullshit,easy,easy,5,15,có,,5,"1. Bước 1: Tìm một không gian yên tĩnh và dừng các việc đang làm. | 2. Bước 2: Hít một hơi thật sâu và chuẩn bị tinh thần thư giãn. | 3. Bước 3: Bắt đầu thực hiện bài tập 'Bỏ kết bạn và theo dõi các thông tin bullshit'. | 4. Bước 4: Tập trung vào cảm nhận hiện tại, loại bỏ những suy nghĩ phiền nhiễu. | 5. Bước 5: Ghi nhận sự thay đổi tích cực sau khi hoàn thành.","Giảm mức độ cortisol, giúp hệ thần kinh thư giãn; Tạo ra hormone hạnh phúc (endorphin/dopamine); Giúp chuyển hướng sự chú ý khỏi tác nhân gây lo âu",,THIẾU MÔ TẢ,,
1.13,Uống một cốc nước chậm rãi đầu ngà và uống nhiều nước hơn bình thường (Mindful Drinking Game),easy,easy,5,15,có,Tăng cường việc uống nước giúp đẩy nhanh việc trao đổi chất.,5,"1. Chuẩn bị một cốc nước lọc (có thể là nước ấm). | 2. Cầm cốc nước trên tay, cảm nhận nhiệt độ truyền qua da. | 3. Uống một ngụm nhỏ đầu tiên, giữ trong miệng 2-3 giây. | 4. Nuốt chậm rãi và cảm nhận dòng nước đi xuống họng. | 5. Tiếp tục uống từng ngụm nhỏ cho đến khi hết cốc.","Hydrat hóa tế bào não, giảm đau đầu do căng thẳng; Kích hoạt phản xạ nuốt giúp làm dịu dây thần kinh phế vị; Thực hành chánh niệm grounding hiệu quả",DÀI 93 ký tự,,,
1.14,Giảm tần suất sử dụng thuốc lá và rượu bia,easy,easy,5,15,có,,5,"1. Bước 1: Tìm một không gian yên tĩnh và dừng các việc đang làm. | 2. Bước 2: Hít một hơi thật sâu và chuẩn bị tinh thần thư giãn. | 3. Bước 3: Bắt đầu thực hiện bài tập 'Giảm tần suất sử dụng thuốc lá và rượu bia'. | 4. Bước 4: Tập trung vào cảm nhận hiện tại, loại bỏ những suy nghĩ phiền nhiễu. | 5. Bước 5: Ghi nhận sự thay đổi tích cực sau khi hoàn thành.","Giảm mức độ cortisol, giúp hệ thần kinh thư giãn; Tạo ra hormone hạnh phúc (endorphin/dopamine); Giúp chuyển hướng sự chú ý khỏi tác nhân gây lo âu",,THIẾU MÔ TẢ,2.15,
1.15,Nhảy tự do theo nhạc (Free Dance Challenge),easy,easy,5,15,có,Bật một bản nhạc vui vẻ và yêu cầu người dùng nhảy tự do trong 3-5 phút.,5,"1. Đeo tai nghe hoặc bật loa với âm lượng vừa phải. | 2. Nhắm mắt lại để tập trung vào thính giác. | 3. Lắng nghe từng nốt nhạc, giai điệu hoặc lời bài hát. | 4. Thả lỏng cơ thể theo nhịp điệu của âm thanh. | 5. Cho phép tâm trí phiêu lưu theo bản nhạc trong ít nhất 5 phút.",Giảm nhịp tim và đồng bộ hóa sóng não thành trạng thái Alpha; Kích thích khu vực vỏ não tiết ra dopamine; Giảm lo âu đáng kể so với việc im lặng thụ động,,,,
1.16,Chơi với thú cưng,easy,easy,5,15,có,Chơi với thú cưng của bạn hoặc nuôi một chú chó hoặc chú mèo con,5,"1. Bước 1: Tìm một không gian yên tĩnh và dừng các việc đang làm. | 2. Bước 2: Hít một hơi thật sâu và chuẩn bị tinh thần thư giãn. | 3. Bước 3: Bắt đầu thực hiện bài tập 'Chơi với thú cưng'. | 4. Bước 4: Tập trung vào cảm nhận hiện tại, loại bỏ những suy nghĩ phiền nhiễu. | 5. Bước 5: Ghi nhận sự thay đổi tích cực sau khi hoàn thành.","Giảm mức độ cortisol, giúp hệ thần kinh thư giãn; Tạo ra hormone hạnh phúc (endorphin/dopamine); Giúp chuyển hướng sự chú ý khỏi tác nhân gây lo âu",,,,
1.17,Đi bằng cầu thang bộ (Stair Challenge),easy,easy,5,15,có,"Thay đổi việc vận động, thay vì sử dụng thang máy, thang cuốn thì chuyển qua sử dụng thang bộ",5,"1. Mặc đồ thoải mái và mang giày phù hợp. | 2. Khởi động nhẹ nhàng các khớp trong 1-2 phút. | 3. Thực hiện bài tập (đi bộ, nhảy, leo cầu thang) với nhịp độ tăng dần. | 4. Chú ý vào nhịp thở và sự vận động của cơ bắp. | 5. Giãn cơ sau khi hoàn thành để cơ thể phục hồi.","Endorphin được tiết ra giúp giảm đau và tạo cảm giác hưng phấn; Cải thiện tuần hoàn máu lên não, minh mẫn hơn; Tiêu hao lượng adrenaline dư thừa gây bồn chồn",,,,
1.18,Ngắm biển,easy,easy,5,15,có,"Ngắm biển hoặc ngắm toàn cảnh từ một đỉnh núi. Người dùng có thể đi bộ ở bãi biển, cảm nhận từng làn nước biển và đi chân trần trên cát. Họ có thể hét lên thật lớn khi ở trên ngọn núi.",5,"1. Bước 1: Tìm một không gian yên tĩnh và dừng các việc đang làm. | 2. Bước 2: Hít một hơi thật sâu và chuẩn bị tinh thần thư giãn. | 3. Bước 3: Bắt đầu thực hiện bài tập 'Ngắm biển'. | 4. Bước 4: Tập trung vào cảm nhận hiện tại, loại bỏ những suy nghĩ phiền nhiễu. | 5. Bước 5: Ghi nhận sự thay đổi tích cực sau khi hoàn thành.","Giảm mức độ cortisol, giúp hệ thần kinh thư giãn; Tạo ra hormone hạnh phúc (endorphin/dopamine); Giúp chuyển hướng sự chú ý khỏi tác nhân gây lo âu",,,,
1.19,Dọn dẹp gọn gàng,easy,easy,5,15,có,"Dọn dẹp nhà cửa, khu vực làm việc, đơn giản hóa mọi thứ, vứt bỏ những thứ không còn cần thiết, điều này giúp cho mắt bạn rồi đến tâm trí của bạn được cởi trói, thoải mái hơn và sẽ tập trung hơn. Less is more",5,"1. Bước 1: Tìm một không gian yên tĩnh và dừng các việc đang làm. | 2. Bước 2: Hít một hơi thật sâu và chuẩn bị tinh thần thư giãn. | 3. Bước 3: Bắt đầu thực hiện bài tập 'Dọn dẹp gọn gàng'. | 4. Bước 4: Tập trung vào cảm nhận hiện tại, loại bỏ những suy nghĩ phiền nhiễu. | 5. Bước 5: Ghi nhận sự thay đổi tích cực sau khi hoàn thành.","Giảm mức độ cortisol, giúp hệ thần kinh thư giãn; Tạo ra hormone hạnh phúc (endorphin/dopamine); Giúp chuyển hướng sự chú ý khỏi tác nhân gây lo âu",,,,
1.2,Ngủ đủ giấc,easy,easy,5,15,có,"Ngủ 7–9 tiếng/đêm giúp cải thiện tâm trạng, tăng khả năng tập trung và ra quyết định (Walker, 2017).",5,"1. Tạo môi trường mờ tối, nhiệt độ mát mẻ và yên tĩnh. | 2. Rời xa điện thoại di động ít nhất 15-30 phút trước đó. | 3. Nằm thả lỏng trên giường, nhắm mắt lại. | 4. Quét cơ thể từ ngón chân lên đỉnh đầu, thả lỏng từng phần. | 5. Cho phép bản thân chìm vào giấc ngủ tự nhiên không gượng ép.",Phục hồi năng lượng cho tế bào và dọn dẹp 'rác thải' trong não; Cân bằng lại hormone stress cortisol và adrenaline; Tăng cường trí nhớ và khả năng giải quyết vấn đề,,,,
1.2,Tập trung xử lý sâu một công việc,easy,easy,5,15,có,"Dành thời gian của bạn, dù chỉ 10-30 phút để suy nghĩ sâu, giải quyết một công việc khó hoặc cần tập trung. Việc này giúp bạn cảm thấy bản thân đang có hiệu suất làm việc cao, được xả stress bằng việc tập trung cao độ. Sử dụng các phương pháp như GTD (Getting Things Done) để quản lý công việc hiệu quả hơn, giảm bớt căng thẳng",5,"1. Chọn tư thế ngồi thẳng lưng thoải mái. | 2. Nhắm mắt và đem sự chú ý hướng về hơi thở tự nhiên. | 3. Khi có suy nghĩ khác chen ngang, đừng phán xét, hãy ghi nhận chúng. | 4. Nhẹ nhàng đưa sự chú ý quay lại hơi thở. | 5. Duy trì trạng thái hiện diện này cho đến khi kết thúc thời gian.","Làm dày vỏ não trước trán, cải thiện khả năng điều tiết cảm xúc; Giảm kích thước hạch hạnh nhân (amygdala) liên quan đến lo âu; Tăng khả năng tập trung (attention span)",,,,
1.21,Treo ảnh tạo động lực,easy,easy,5,15,có,"Treo một tấm ảnh của người bạn yêu mến hoặc một bức ảnh tạo động lực mà chỉ bạn biết bí mật trong đó sẽ giúp cho bạn cảm thấy mọi thứ tốt hơn, mình vẫn còn may mắn hay vẫn có những tình cảm đẹp dành cho mình.",5,"1. Bước 1: Tìm một không gian yên tĩnh và dừng các việc đang làm. | 2. Bước 2: Hít một hơi thật sâu và chuẩn bị tinh thần thư giãn. | 3. Bước 3: Bắt đầu thực hiện bài tập 'Treo ảnh tạo động lực'. | 4. Bước 4: Tập trung vào cảm nhận hiện tại, loại bỏ những suy nghĩ phiền nhiễu. | 5. Bước 5: Ghi nhận sự thay đổi tích cực sau khi hoàn thành.","Giảm mức độ cortisol, giúp hệ thần kinh thư giãn; Tạo ra hormone hạnh phúc (endorphin/dopamine); Giúp chuyển hướng sự chú ý khỏi tác nhân gây lo âu",,,,
1.22,Vận động khác,easy,easy,5,15,có,Sử dụng công cụ đấm (đám vào túi cát) hoặc chống đẩy,5,"1. Mặc đồ thoải mái và mang giày phù hợp. | 2. Khởi động nhẹ nhàng các khớp trong 1-2 phút. | 3. Thực hiện bài tập (đi bộ, nhảy, leo cầu thang) với nhịp độ tăng dần. | 4. Chú ý vào nhịp thở và sự vận động của cơ bắp. | 5. Giãn cơ sau khi hoàn thành để cơ thể phục hồi.","Endorphin được tiết ra giúp giảm đau và tạo cảm giác hưng phấn; Cải thiện tuần hoàn máu lên não, minh mẫn hơn; Tiêu hao lượng adrenaline dư thừa gây bồn chồn",,,,
1.23,Xông hơi,easy,easy,5,15,có,"Sử dụng phòng xông hơi nếu người dùng không thể vận động, việc ra mồ hôi giúp cho người dùng giảm stress",5,"1. Bước 1: Tìm một không gian yên tĩnh và dừng các việc đang làm. | 2. Bước 2: Hít một hơi thật sâu và chuẩn bị tinh thần thư giãn. | 3. Bước 3: Bắt đầu thực hiện bài tập 'Xông hơi'. | 4. Bước 4: Tập trung vào cảm nhận hiện tại, loại bỏ những suy nghĩ phiền nhiễu. | 5. Bước 5: Ghi nhận sự thay đổi tích cực sau khi hoàn thành.","Giảm mức độ cortisol, giúp hệ thần kinh thư giãn; Tạo ra hormone hạnh phúc (endorphin/dopamine); Giúp chuyển hướng sự chú ý khỏi tác nhân gây lo âu",,,,
1.24,Massage,easy,easy,5,15,có,"Yêu cầu người dùng tự chuẩn bị một công cụ massage như súng massage, quả bóng tennis hoặc vê bóng golf…",5,"1. Bước 1: Tìm một không gian yên tĩnh và dừng các việc đang làm. | 2. Bước 2: Hít một hơi thật sâu và chuẩn bị tinh thần thư giãn. | 3. Bước 3: Bắt đầu thực hiện bài tập 'Massage'. | 4. Bước 4: Tập trung vào cảm nhận hiện tại, loại bỏ những suy nghĩ phiền nhiễu. | 5. Bước 5: Ghi nhận sự thay đổi tích cực sau khi hoàn thành.","Giảm mức độ cortisol, giúp hệ thần kinh thư giãn; Tạo ra hormone hạnh phúc (endorphin/dopamine); Giúp chuyển hướng sự chú ý khỏi tác nhân gây lo âu",,,,
1.25,Thay đổi tích cực về ngoại hình,easy,easy,5,15,có,"Cắt tóc hoặc thay đổi ngoại hình một cách tích cực cũng giúp bản thân người dùng có sự tự tin, thay đổi tích cực cách nhìn của người khác vào họ",5,"1. Lấy một cuốn sổ hoặc mở ứng dụng ghi chú. | 2. Hồi tưởng lại những khoảnh khắc, sự việc vừa diễn ra trong ngày. | 3. Viết ra 3 điều cụ thể mà bạn cảm thấy biết ơn hoặc tự hào. | 4. Viết kèm lý do tại sao điều đó lại có ý nghĩa với bạn. | 5. Đọc lại danh sách và mỉm cười ghi nhận những giá trị tốt đẹp.",Tái cấu trúc thần kinh (neuroplasticity) theo hướng tích cực; Giảm triệu chứng trầm cảm lên đến 30% nếu thực hành lâu dài; Tăng cường sản sinh serotonin tự nhiên,,,,
1.26,Thay đổi chế độ ăn uống và biến nó trở nên lành mạnh,easy,easy,5,15,có,"Thực phẩm giàu omega-3 (cá hồi, hạt óc chó), magie (rau xanh), và vitamin B (trứng, ngũ cốc) hỗ trợ chức năng não, giảm viêm và cân bằng hormone. Giảm hoặc tránh ăn thịt động vật 4 chân, chuyển sang ăn 2 chân hoặc không chân. Tránh thực phẩm gây biến động đường huyết (đồ ngọt, tinh bột tinh chế) và muối. Cho mình một thanh Socola đen hàng ngày cũng giúp bạn giảm stress hiệu quả.",5,"1. Chuẩn bị một cốc nước lọc (có thể là nước ấm). | 2. Cầm cốc nước trên tay, cảm nhận nhiệt độ truyền qua da. | 3. Uống một ngụm nhỏ đầu tiên, giữ trong miệng 2-3 giây. | 4. Nuốt chậm rãi và cảm nhận dòng nước đi xuống họng. | 5. Tiếp tục uống từng ngụm nhỏ cho đến khi hết cốc.","Hydrat hóa tế bào não, giảm đau đầu do căng thẳng; Kích hoạt phản xạ nuốt giúp làm dịu dây thần kinh phế vị; Thực hành chánh niệm grounding hiệu quả",,,,
1.27,Tập trung vào âm thanh môi trường (Sound Scavenger Hunt),easy,easy,5,15,có,"Yêu cầu người dùng ngồi yên và liệt kê 3 âm thanh họ nghe thấy trong môi trường xung quanh (chim hót, tiếng gió, tiếng xe cộ).",5,"1. Đeo tai nghe hoặc bật loa với âm lượng vừa phải. | 2. Nhắm mắt lại để tập trung vào thính giác. | 3. Lắng nghe từng nốt nhạc, giai điệu hoặc lời bài hát. | 4. Thả lỏng cơ thể theo nhịp điệu của âm thanh. | 5. Cho phép tâm trí phiêu lưu theo bản nhạc trong ít nhất 5 phút.",Giảm nhịp tim và đồng bộ hóa sóng não thành trạng thái Alpha; Kích thích khu vực vỏ não tiết ra dopamine; Giảm lo âu đáng kể so với việc im lặng thụ động,,,,
1.28,Sử dụng nến thơm (có nguồn gốc thiên nhiên) hoặc những mùi hương hoa,easy,easy,5,15,có,"Sử dụng mùi hương giúp bạn có thể thư giãn, mùi hương có thể đơn giản là mùi hoa, nến thơm, mùi sữa chua lên men, mùi lúa chín, mùi cây cỏ, …",5,"1. Bước 1: Tìm một không gian yên tĩnh và dừng các việc đang làm. | 2. Bước 2: Hít một hơi thật sâu và chuẩn bị tinh thần thư giãn. | 3. Bước 3: Bắt đầu thực hiện bài tập 'Sử dụng nến thơm (có nguồn gốc thiên nhiên) hoặc những mùi hương hoa'. | 4. Bước 4: Tập trung vào cảm nhận hiện tại, loại bỏ những suy nghĩ phiền nhiễu. | 5. Bước 5: Ghi nhận sự thay đổi tích cực sau khi hoàn thành.","Giảm mức độ cortisol, giúp hệ thần kinh thư giãn; Tạo ra hormone hạnh phúc (endorphin/dopamine); Giúp chuyển hướng sự chú ý khỏi tác nhân gây lo âu",DÀI 68 ký tự,,,
1.29,Nghe một ca khúc tạo động lực (Motivational Music Task),easy,easy,5,15,có,Đề xuất danh sách nhạc tạo động lực cho người dùng.,5,"1. Bước 1: Tìm một không gian yên tĩnh và dừng các việc đang làm. | 2. Bước 2: Hít một hơi thật sâu và chuẩn bị tinh thần thư giãn. | 3. Bước 3: Bắt đầu thực hiện bài tập 'Nghe một ca khúc tạo động lực (Motivational Music Task)'. | 4. Bước 4: Tập trung vào cảm nhận hiện tại, loại bỏ những suy nghĩ phiền nhiễu. | 5. Bước 5: Ghi nhận sự thay đổi tích cực sau khi hoàn thành.","Giảm mức độ cortisol, giúp hệ thần kinh thư giãn; Tạo ra hormone hạnh phúc (endorphin/dopamine); Giúp chuyển hướng sự chú ý khỏi tác nhân gây lo âu",,,,
1.3,Tự vấn trước khi ngủ và khi thức dậy nhưng chưa ra khỏi giường,easy,easy,5,15,có,"Dành ra vài phút trước khi ngủ để tự hỏi bản thân. Điều gì làm bạn tự hào của ngày hôm nay, ngày hôm nay đã làm đc gì? Nên làm gì, đáng lẽ ra không nên làm gì?",5,"1. Tạo môi trường mờ tối, nhiệt độ mát mẻ và yên tĩnh. | 2. Rời xa điện thoại di động ít nhất 15-30 phút trước đó. | 3. Nằm thả lỏng trên giường, nhắm mắt lại. | 4. Quét cơ thể từ ngón chân lên đỉnh đầu, thả lỏng từng phần. | 5. Cho phép bản thân chìm vào giấc ngủ tự nhiên không gượng ép.",Phục hồi năng lượng cho tế bào và dọn dẹp 'rác thải' trong não; Cân bằng lại hormone stress cortisol và adrenaline; Tăng cường trí nhớ và khả năng giải quyết vấn đề,DÀI 62 ký tự,,,
1.3,Chọn một câu trích dẫn yêu thích (Pick a Positive Quote),easy,easy,5,15,có,"Ứng dụng đưa ra nhiều câu trích dẫn tích cực, người dùng chọn câu mà họ yêu thích nhất và viết lý do vì sao. Trong đó đặc biệt sử dụng câu trích dẫn: “Mọi thứ rồi cũng qua”. Hoặc người dùng có thể tự sáng tạo ra câu nói của mình",5,"1. Bước 1: Tìm một không gian yên tĩnh và dừng các việc đang làm. | 2. Bước 2: Hít một hơi thật sâu và chuẩn bị tinh thần thư giãn. | 3. Bước 3: Bắt đầu thực hiện bài tập 'Chọn một câu trích dẫn yêu thích (Pick a Positive Quote)'. | 4. Bước 4: Tập trung vào cảm nhận hiện tại, loại bỏ những suy nghĩ phiền nhiễu. | 5. Bước 5: Ghi nhận sự thay đổi tích cực sau khi hoàn thành.","Giảm mức độ cortisol, giúp hệ thần kinh thư giãn; Tạo ra hormone hạnh phúc (endorphin/dopamine); Giúp chuyển hướng sự chú ý khỏi tác nhân gây lo âu",,,1.41,
1.31,Cảm nhận bàn chân (Grounding with Feet Awareness),easy,easy,5,15,có,Hướng dẫn người dùng cởi giày và cảm nhận lòng bàn chân chạm đất trong 2 phút.,5,"1. Bước 1: Tìm một không gian yên tĩnh và dừng các việc đang làm. | 2. Bước 2: Hít một hơi thật sâu và chuẩn bị tinh thần thư giãn. | 3. Bước 3: Bắt đầu thực hiện bài tập 'Cảm nhận bàn chân (Grounding with Feet Awareness)'. | 4. Bước 4: Tập trung vào cảm nhận hiện tại, loại bỏ những suy nghĩ phiền nhiễu. | 5. Bước 5: Ghi nhận sự thay đổi tích cực sau khi hoàn thành.","Giảm mức độ cortisol, giúp hệ thần kinh thư giãn; Tạo ra hormone hạnh phúc (endorphin/dopamine); Giúp chuyển hướng sự chú ý khỏi tác nhân gây lo âu",,,1.42,
1.32,Tự vấn bản thân những câu hỏi đơn giản và trả lời chậm và trung thực,easy,easy,5,15,có,"Tự hỏi bản thân những câu hỏi như ""Những suy nghĩ này có giúp ích gì không?"" Việc tự nhận thức và luôn tự đánh giá nhận thức việc này luôn làm cho bản thân bớt đi được những suy nghĩ rác.",5,"1. Bước 1: Tìm một không gian yên tĩnh và dừng các việc đang làm. | 2. Bước 2: Hít một hơi thật sâu và chuẩn bị tinh thần thư giãn. | 3. Bước 3: Bắt đầu thực hiện bài tập 'Tự vấn bản thân những câu hỏi đơn giản và trả lời chậm và trung thực'. | 4. Bước 4: Tập trung vào cảm nhận hiện tại, loại bỏ những suy nghĩ phiền nhiễu. | 5. Bước 5: Ghi nhận sự thay đổi tích cực sau khi hoàn thành.","Giảm mức độ cortisol, giúp hệ thần kinh thư giãn; Tạo ra hormone hạnh phúc (endorphin/dopamine); Giúp chuyển hướng sự chú ý khỏi tác nhân gây lo âu",DÀI 68 ký tự,,,
1.33,"Tạo danh sách ""5 thứ quan trọng nhất cuộc đời bạn”",easy,easy,5,15,có,"Danh sách của tôi là: Sức khỏe, Gia đình, Sự nghiệp, MQH xã hội, Đam mê cá nhân và sự vui vẻ. Còn bạn??? Ngoài những điều này hãy cho qua hết nhé. Hãy liệt kê 20 điều nằm trong phạm vi này và 20 đến 30 điều không nằm trong danh sách này.",5,"1. Bước 1: Tìm một không gian yên tĩnh và dừng các việc đang làm. | 2. Bước 2: Hít một hơi thật sâu và chuẩn bị tinh thần thư giãn. | 3. Bước 3: Bắt đầu thực hiện bài tập 'Tạo danh sách ""5 thứ quan trọng nhất cuộc đời bạn”'. | 4. Bước 4: Tập trung vào cảm nhận hiện tại, loại bỏ những suy nghĩ phiền nhiễu. | 5. Bước 5: Ghi nhận sự thay đổi tích cực sau khi hoàn thành.","Giảm mức độ cortisol, giúp hệ thần kinh thư giãn; Tạo ra hormone hạnh phúc (endorphin/dopamine); Giúp chuyển hướng sự chú ý khỏi tác nhân gây lo âu",,,,
1.34,"Tạo danh sách ""3 điều biết ơn"" (Gratitude List Game)",easy,easy,5,15,có,"Yêu cầu người dùng liệt kê 3 điều họ cảm thấy biết ơn trong ngày hôm nay. Hãy biết ơn cả những kẻ thù và những người không tốt với mình để họ dạy cho mình trân trọng những người còn lại, những người hàng ngày vẫn mỉm cười tin yêu với sự tồn tại của bản thân.",5,"1. Lấy một cuốn sổ hoặc mở ứng dụng ghi chú. | 2. Hồi tưởng lại những khoảnh khắc, sự việc vừa diễn ra trong ngày. | 3. Viết ra 3 điều cụ thể mà bạn cảm thấy biết ơn hoặc tự hào. | 4. Viết kèm lý do tại sao điều đó lại có ý nghĩa với bạn. | 5. Đọc lại danh sách và mỉm cười ghi nhận những giá trị tốt đẹp.",Tái cấu trúc thần kinh (neuroplasticity) theo hướng tích cực; Giảm triệu chứng trầm cảm lên đến 30% nếu thực hành lâu dài; Tăng cường sản sinh serotonin tự nhiên,,,1.43,
1.35,Thực hiện bài tập thể dục đơn giản:,easy,easy,5,15,có,"Thực hiện các động tác thể dục, tự massage đơn giản như vươn vai, massage mắt",5,"1. Mặc đồ thoải mái và mang giày phù hợp. | 2. Khởi động nhẹ nhàng các khớp trong 1-2 phút. | 3. Thực hiện bài tập (đi bộ, nhảy, leo cầu thang) với nhịp độ tăng dần. | 4. Chú ý vào nhịp thở và sự vận động của cơ bắp. | 5. Giãn cơ sau khi hoàn thành để cơ thể phục hồi.","Endorphin được tiết ra giúp giảm đau và tạo cảm giác hưng phấn; Cải thiện tuần hoàn máu lên não, minh mẫn hơn; Tiêu hao lượng adrenaline dư thừa gây bồn chồn",,,,
1.36,Bài tập nụ cười (Smile for 1 Minute Challenge),easy,easy,5,15,có,Yêu cầu người dùng mỉm cười liên tục trong 1 phút. Ứng dụng có thể bật camera và ghi nhận thử thách hoàn thành.,5,"1. Ngồi trước gương hoặc nhìn thẳng phía trước. | 2. Mỉm cười một cách có chủ đích, nhe răng ra. | 3. Giữ nụ cười này trong đúng 60 giây liên tục. | 4. Nếu thấy mỏi hay buồn cười, hãy cứ cười lớn. | 5. Thư giãn cơ mặt và cảm nhận sự thay đổi tâm trạng.",Thuyết điểm hồi âm cơ mặt: NÃO BỘ nhận tín hiệu mô phỏng vui vẻ và sinh ra Serotonin giả lập; Giảm nhịp tim sau căng thẳng hiệu quả,,,E14,
1.37,Tương tác xã hội cấp độ 1,easy,easy,5,15,có,"Yêu cầu người dùng trò chuyện, tương tác xã hội bằng sự tử tế, yêu thương, giúp đỡ với xã hội, một câu lạc bộ, nhóm người hoặc người lạ. Hãy cho đi để nhận lại.",5,"1. Bước 1: Tìm một không gian yên tĩnh và dừng các việc đang làm. | 2. Bước 2: Hít một hơi thật sâu và chuẩn bị tinh thần thư giãn. | 3. Bước 3: Bắt đầu thực hiện bài tập 'Tương tác xã hội cấp độ 1'. | 4. Bước 4: Tập trung vào cảm nhận hiện tại, loại bỏ những suy nghĩ phiền nhiễu. | 5. Bước 5: Ghi nhận sự thay đổi tích cực sau khi hoàn thành.","Giảm mức độ cortisol, giúp hệ thần kinh thư giãn; Tạo ra hormone hạnh phúc (endorphin/dopamine); Giúp chuyển hướng sự chú ý khỏi tác nhân gây lo âu",,,,
1.38,"Trò chuyện với bản thân: Hãy tử tế với chính mình, trò chuyện với đứa trẻ bên trọng bạn sẽ giúp bạn hồi phục tâm lý cho đứa trẻ này, giúp nó rèn luyện và mạnh mẽ hơn.",easy,easy,5,15,có,,5,"1. Bước 1: Tìm một không gian yên tĩnh và dừng các việc đang làm. | 2. Bước 2: Hít một hơi thật sâu và chuẩn bị tinh thần thư giãn. | 3. Bước 3: Bắt đầu thực hiện bài tập 'Trò chuyện với bản thân: Hãy tử tế với chính mình, trò chuyện với đứa trẻ bên trọng bạn sẽ giúp bạn hồi phục tâm lý cho đứa trẻ này, giúp nó rèn luyện và mạnh mẽ hơn.'. | 4. Bước 4: Tập trung vào cảm nhận hiện tại, loại bỏ những suy nghĩ phiền nhiễu. | 5. Bước 5: Ghi nhận sự thay đổi tích cực sau khi hoàn thành.","Giảm mức độ cortisol, giúp hệ thần kinh thư giãn; Tạo ra hormone hạnh phúc (endorphin/dopamine); Giúp chuyển hướng sự chú ý khỏi tác nhân gây lo âu",DÀI 166 ký tự,THIẾU MÔ TẢ,,
1.39,"Cư xử đúng mực: Học cách cư xử lịch thiệp và quan tâm đến mọi người, bắt đầu từ gia đình. Nhận biết nỗi lo lắng của thực tại và viết nó ra giấy và phân tích",easy,easy,5,15,có,,5,"1. Xác định người hoặc tổ chức bạn muốn tương tác hoặc giúp đỡ. | 2. Chủ động liên hệ, gọi điện hoặc lên kế hoạch gặp mặt. | 3. Giao tiếp với thái độ chân thành, cởi mở, không phán xét. | 4. Lắng nghe tích cực và thể hiện sự thiện chí/đóng góp của bạn. | 5. Ghi nhận cảm xúc ấm áp sau khi kết nối xã hội hoàn thành.","Tăng nồng độ Oxytocin (hormone gắn kết tình cảm, giảm stress); Giảm cảm giác cô đơn và trầm cảm; Tạo động lực và nâng cao sự tự tôn thông qua giá trị trao đi",DÀI 156 ký tự,THIẾU MÔ TẢ,,
1.4,Liệt kê ra cho bản thân bạn những điều bạn làm làm cho bạn cảm thấy tự hào,easy,easy,5,15,có,"Dù là nhỏ nhất, hãy liệt kê ra cho bản thân những khả năng, thành tích bản thân bạn ghi nhận mình có được và tự hào về nó. Nó có thể là có một nhóm bạn chân thành, nó có thể là bạn có một kỹ năng mà ít người có được, nó có thể là việc giải được một bài toán hóc búa, hay đơn giản là hành động tử tế của bạn cho người khác. Điều đó hoàn toàn giúp bạn có cái neo tinh thần tốt, khẳng định rằng bạn là người tốt và xứng đáng được hạnh phúc.",5,"1. Lấy một cuốn sổ hoặc mở ứng dụng ghi chú. | 2. Hồi tưởng lại những khoảnh khắc, sự việc vừa diễn ra trong ngày. | 3. Viết ra 3 điều cụ thể mà bạn cảm thấy biết ơn hoặc tự hào. | 4. Viết kèm lý do tại sao điều đó lại có ý nghĩa với bạn. | 5. Đọc lại danh sách và mỉm cười ghi nhận những giá trị tốt đẹp.",Tái cấu trúc thần kinh (neuroplasticity) theo hướng tích cực; Giảm triệu chứng trầm cảm lên đến 30% nếu thực hành lâu dài; Tăng cường sản sinh serotonin tự nhiên,DÀI 74 ký tự,,,
1.4,Quan sát đồ vật quen thuộc (Mindful Observation Task),easy,easy,5,15,có,"Chọn một đồ vật trong nhà (cây xanh, đèn, bức tranh) và tập trung quan sát chi tiết trong 2-3 phút.",5,"1. Bước 1: Tìm một không gian yên tĩnh và dừng các việc đang làm. | 2. Bước 2: Hít một hơi thật sâu và chuẩn bị tinh thần thư giãn. | 3. Bước 3: Bắt đầu thực hiện bài tập 'Quan sát đồ vật quen thuộc (Mindful Observation Task)'. | 4. Bước 4: Tập trung vào cảm nhận hiện tại, loại bỏ những suy nghĩ phiền nhiễu. | 5. Bước 5: Ghi nhận sự thay đổi tích cực sau khi hoàn thành.","Giảm mức độ cortisol, giúp hệ thần kinh thư giãn; Tạo ra hormone hạnh phúc (endorphin/dopamine); Giúp chuyển hướng sự chú ý khỏi tác nhân gây lo âu",,,,
1.41,Chọn một câu trích dẫn yêu thích (Pick a Positive Quote),easy,easy,5,15,có,"Ứng dụng đưa ra nhiều câu trích dẫn tích cực, người dùng chọn câu mà họ yêu thích nhất và viết lý do vì sao.",5,"1. Bước 1: Tìm một không gian yên tĩnh và dừng các việc đang làm. | 2. Bước 2: Hít một hơi thật sâu và chuẩn bị tinh thần thư giãn. | 3. Bước 3: Bắt đầu thực hiện bài tập 'Chọn một câu trích dẫn yêu thích (Pick a Positive Quote)'. | 4. Bước 4: Tập trung vào cảm nhận hiện tại, loại bỏ những suy nghĩ phiền nhiễu. | 5. Bước 5: Ghi nhận sự thay đổi tích cực sau khi hoàn thành.","Giảm mức độ cortisol, giúp hệ thần kinh thư giãn; Tạo ra hormone hạnh phúc (endorphin/dopamine); Giúp chuyển hướng sự chú ý khỏi tác nhân gây lo âu",,,1.3,
1.42,Cảm nhận bàn chân (Grounding with Feet Awareness),easy,easy,5,15,có,Hướng dẫn người dùng cởi giày và cảm nhận lòng bàn chân chạm đất trong 2 phút.,5,"1. Bước 1: Tìm một không gian yên tĩnh và dừng các việc đang làm. | 2. Bước 2: Hít một hơi thật sâu và chuẩn bị tinh thần thư giãn. | 3. Bước 3: Bắt đầu thực hiện bài tập 'Cảm nhận bàn chân (Grounding with Feet Awareness)'. | 4. Bước 4: Tập trung vào cảm nhận hiện tại, loại bỏ những suy nghĩ phiền nhiễu. | 5. Bước 5: Ghi nhận sự thay đổi tích cực sau khi hoàn thành.","Giảm mức độ cortisol, giúp hệ thần kinh thư giãn; Tạo ra hormone hạnh phúc (endorphin/dopamine); Giúp chuyển hướng sự chú ý khỏi tác nhân gây lo âu",,,1.31,
1.43,"Tạo danh sách ""3 điều biết ơn"" (Gratitude List Game)",easy,easy,5,15,có,Yêu cầu người dùng liệt kê 3 điều họ cảm thấy biết ơn trong ngày hôm nay.,5,"1. Lấy một cuốn sổ hoặc mở ứng dụng ghi chú. | 2. Hồi tưởng lại những khoảnh khắc, sự việc vừa diễn ra trong ngày. | 3. Viết ra 3 điều cụ thể mà bạn cảm thấy biết ơn hoặc tự hào. | 4. Viết kèm lý do tại sao điều đó lại có ý nghĩa với bạn. | 5. Đọc lại danh sách và mỉm cười ghi nhận những giá trị tốt đẹp.",Tái cấu trúc thần kinh (neuroplasticity) theo hướng tích cực; Giảm triệu chứng trầm cảm lên đến 30% nếu thực hành lâu dài; Tăng cường sản sinh serotonin tự nhiên,,,1.34,
1.44,"Tạo danh sách ""3 điều có giá trị nhất trong cuộc đời"" (Kindness List Game)",easy,easy,5,15,có,Yêu cầu người dùng liệt kê 3 việc tử tế đã thực hiện trong ngày hôm nay.,5,"1. Bước 1: Tìm một không gian yên tĩnh và dừng các việc đang làm. | 2. Bước 2: Hít một hơi thật sâu và chuẩn bị tinh thần thư giãn. | 3. Bước 3: Bắt đầu thực hiện bài tập 'Tạo danh sách ""3 điều có giá trị nhất trong cuộc đời"" (Kindness List Game)'. | 4. Bước 4: Tập trung vào cảm nhận hiện tại, loại bỏ những suy nghĩ phiền nhiễu. | 5. Bước 5: Ghi nhận sự thay đổi tích cực sau khi hoàn thành.","Giảm mức độ cortisol, giúp hệ thần kinh thư giãn; Tạo ra hormone hạnh phúc (endorphin/dopamine); Giúp chuyển hướng sự chú ý khỏi tác nhân gây lo âu",DÀI 74 ký tự,,,
1.45,"Tạo danh sách ""3 giá trị làm được đáng tự hào"" (Kindness List Game)",easy,easy,5,15,có,Yêu cầu người dùng liệt kê 3 điều/giá trị/thứ đáng để người dùng tự hào dù là nhỏ bé nhất.,5,"1. Lấy một cuốn sổ hoặc mở ứng dụng ghi chú. | 2. Hồi tưởng lại những khoảnh khắc, sự việc vừa diễn ra trong ngày. | 3. Viết ra 3 điều cụ thể mà bạn cảm thấy biết ơn hoặc tự hào. | 4. Viết kèm lý do tại sao điều đó lại có ý nghĩa với bạn. | 5. Đọc lại danh sách và mỉm cười ghi nhận những giá trị tốt đẹp.",Tái cấu trúc thần kinh (neuroplasticity) theo hướng tích cực; Giảm triệu chứng trầm cảm lên đến 30% nếu thực hành lâu dài; Tăng cường sản sinh serotonin tự nhiên,DÀI 67 ký tự,,,
1.46,"Tạo danh sách ""3 điều tử tế trong ngày"" (Kindness List Game)",easy,easy,5,15,có,Yêu cầu người dùng liệt kê 3 việc tử tế đã thực hiện trong ngày hôm nay.,5,"1. Bước 1: Tìm một không gian yên tĩnh và dừng các việc đang làm. | 2. Bước 2: Hít một hơi thật sâu và chuẩn bị tinh thần thư giãn. | 3. Bước 3: Bắt đầu thực hiện bài tập 'Tạo danh sách ""3 điều tử tế trong ngày"" (Kindness List Game)'. | 4. Bước 4: Tập trung vào cảm nhận hiện tại, loại bỏ những suy nghĩ phiền nhiễu. | 5. Bước 5: Ghi nhận sự thay đổi tích cực sau khi hoàn thành.","Giảm mức độ cortisol, giúp hệ thần kinh thư giãn; Tạo ra hormone hạnh phúc (endorphin/dopamine); Giúp chuyển hướng sự chú ý khỏi tác nhân gây lo âu",,,,
1.47,"Nghe Nhạc và đọc sách: Tạo danh sách nhạc yêu cầu nghe và đọc (những bộ phim về động lực của cuộc sống và những bản nhạc tích cực, vui tươi nhưng chậm rãi)",easy,easy,5,15,có,,5,"1. Đeo tai nghe hoặc bật loa với âm lượng vừa phải. | 2. Nhắm mắt lại để tập trung vào thính giác. | 3. Lắng nghe từng nốt nhạc, giai điệu hoặc lời bài hát. | 4. Thả lỏng cơ thể theo nhịp điệu của âm thanh. | 5. Cho phép tâm trí phiêu lưu theo bản nhạc trong ít nhất 5 phút.",Giảm nhịp tim và đồng bộ hóa sóng não thành trạng thái Alpha; Kích thích khu vực vỏ não tiết ra dopamine; Giảm lo âu đáng kể so với việc im lặng thụ động,DÀI 155 ký tự,THIẾU MÔ TẢ,,
1.48,"Thành thật với cảm xúc: Không cố che giấu cảm xúc tiêu cực, mà hãy chấp nhận và đối diện với chúng.",easy,easy,5,15,có,,5,"1. Lấy một cuốn sổ hoặc mở ứng dụng ghi chú. | 2. Hồi tưởng lại những khoảnh khắc, sự việc vừa diễn ra trong ngày. | 3. Viết ra 3 điều cụ thể mà bạn cảm thấy biết ơn hoặc tự hào. | 4. Viết kèm lý do tại sao điều đó lại có ý nghĩa với bạn. | 5. Đọc lại danh sách và mỉm cười ghi nhận những giá trị tốt đẹp.",Tái cấu trúc thần kinh (neuroplasticity) theo hướng tích cực; Giảm triệu chứng trầm cảm lên đến 30% nếu thực hành lâu dài; Tăng cường sản sinh serotonin tự nhiên,DÀI 99 ký tự,THIẾU MÔ TẢ,,
1.49,"Tập trung vào sự tiến bộ: Theo dõi sự tiến bộ hoặc thoái bộ trong công việc, cùng với những sự kiện cụ thể ảnh hưởng đến chúng. Điều này giúp bạn nhận biết được những yếu tố nào đang thúc đẩy hoặc cản trở mình, từ đó có những điều chỉnh phù hợp.",easy,easy,5,15,có,,5,"1. Chọn tư thế ngồi thẳng lưng thoải mái. | 2. Nhắm mắt và đem sự chú ý hướng về hơi thở tự nhiên. | 3. Khi có suy nghĩ khác chen ngang, đừng phán xét, hãy ghi nhận chúng. | 4. Nhẹ nhàng đưa sự chú ý quay lại hơi thở. | 5. Duy trì trạng thái hiện diện này cho đến khi kết thúc thời gian.","Làm dày vỏ não trước trán, cải thiện khả năng điều tiết cảm xúc; Giảm kích thước hạch hạnh nhân (amygdala) liên quan đến lo âu; Tăng khả năng tập trung (attention span)",DÀI 245 ký tự,THIẾU MÔ TẢ,,
1.5,Tắm nước ấm,easy,easy,5,15,có,Ngâm mình trong bồn tắm ấm áp trong một ngày dài chắc chắn sẽ giúp người dùng bớt căng thẳng,5,"1. Chuẩn bị một cốc nước lọc (có thể là nước ấm). | 2. Cầm cốc nước trên tay, cảm nhận nhiệt độ truyền qua da. | 3. Uống một ngụm nhỏ đầu tiên, giữ trong miệng 2-3 giây. | 4. Nuốt chậm rãi và cảm nhận dòng nước đi xuống họng. | 5. Tiếp tục uống từng ngụm nhỏ cho đến khi hết cốc.","Hydrat hóa tế bào não, giảm đau đầu do căng thẳng; Kích hoạt phản xạ nuốt giúp làm dịu dây thần kinh phế vị; Thực hành chánh niệm grounding hiệu quả",,,,
1.5,Soi gương và tự động viên bản thân,easy,easy,5,15,có,"Soi gương, bạn thấy gương mặt dễ thương, tốt bụng của mình, thầm nói câu: “tôi là người tốt và luôn cố gắng hoàn thiện bản thân từng ngày, tôi xứng đáng nhận được những điều tốt đẹp” – đó là một câu thần chú hết sức dễ dàng và đúng đắn.",5,"1. Bước 1: Tìm một không gian yên tĩnh và dừng các việc đang làm. | 2. Bước 2: Hít một hơi thật sâu và chuẩn bị tinh thần thư giãn. | 3. Bước 3: Bắt đầu thực hiện bài tập 'Soi gương và tự động viên bản thân'. | 4. Bước 4: Tập trung vào cảm nhận hiện tại, loại bỏ những suy nghĩ phiền nhiễu. | 5. Bước 5: Ghi nhận sự thay đổi tích cực sau khi hoàn thành.","Giảm mức độ cortisol, giúp hệ thần kinh thư giãn; Tạo ra hormone hạnh phúc (endorphin/dopamine); Giúp chuyển hướng sự chú ý khỏi tác nhân gây lo âu",,,,
1.51,Viết nhật ký,easy,easy,5,15,có,"Giúp giải tỏa cảm xúc bằng cách chuyển hóa suy nghĩ tiêu cực thành ngôn ngữ, giảm bớt áp lực tinh thần. Tăng nhận thức về nguyên nhân gây stress, từ đó tìm cách giải quyết. Cần viết đều đặn và trung thực. Tránh tập trung vào tiêu cực mà nên cân bằng với suy nghĩ tích cực.",5,"1. Bước 1: Tìm một không gian yên tĩnh và dừng các việc đang làm. | 2. Bước 2: Hít một hơi thật sâu và chuẩn bị tinh thần thư giãn. | 3. Bước 3: Bắt đầu thực hiện bài tập 'Viết nhật ký'. | 4. Bước 4: Tập trung vào cảm nhận hiện tại, loại bỏ những suy nghĩ phiền nhiễu. | 5. Bước 5: Ghi nhận sự thay đổi tích cực sau khi hoàn thành.","Giảm mức độ cortisol, giúp hệ thần kinh thư giãn; Tạo ra hormone hạnh phúc (endorphin/dopamine); Giúp chuyển hướng sự chú ý khỏi tác nhân gây lo âu",,,,
1.52,Xây dựng cho bản thân những món quà nhỏ.,easy,easy,5,15,có,"Hãy tự xây dựng cho mình những món quà nhỏ cho chính bản thân mình (một cách tích cực) như cho phép bản thân xem một bộ phim hay, cho phép bản thân ăn một món ăn ưa thích, đừng cay nghiệt quá dù nhiều lúc món ăn đó không tốt cho sức khỏe. Những món quà nhỏ này là phần thưởng trên cả chặng đường của bạn, hãy tự thưởng cho bản thân khi bản thân bạn vượt qua được những mốc khó khăn trong dự án cuộc đời mình",5,"1. Bước 1: Tìm một không gian yên tĩnh và dừng các việc đang làm. | 2. Bước 2: Hít một hơi thật sâu và chuẩn bị tinh thần thư giãn. | 3. Bước 3: Bắt đầu thực hiện bài tập 'Xây dựng cho bản thân những món quà nhỏ.'. | 4. Bước 4: Tập trung vào cảm nhận hiện tại, loại bỏ những suy nghĩ phiền nhiễu. | 5. Bước 5: Ghi nhận sự thay đổi tích cực sau khi hoàn thành.","Giảm mức độ cortisol, giúp hệ thần kinh thư giãn; Tạo ra hormone hạnh phúc (endorphin/dopamine); Giúp chuyển hướng sự chú ý khỏi tác nhân gây lo âu",,,,
1.6,Giảm kỳ vọng cũng là cách để giảm stress hiệu quả,easy,easy,5,15,có,"Liệt kê các việc căng thẳng do kỳ vọng cao, giảm kỳ vọng hoặc tăng thời gian thực hiện.",5,"1. Bước 1: Tìm một không gian yên tĩnh và dừng các việc đang làm. | 2. Bước 2: Hít một hơi thật sâu và chuẩn bị tinh thần thư giãn. | 3. Bước 3: Bắt đầu thực hiện bài tập 'Giảm kỳ vọng cũng là cách để giảm stress hiệu quả'. | 4. Bước 4: Tập trung vào cảm nhận hiện tại, loại bỏ những suy nghĩ phiền nhiễu. | 5. Bước 5: Ghi nhận sự thay đổi tích cực sau khi hoàn thành.","Giảm mức độ cortisol, giúp hệ thần kinh thư giãn; Tạo ra hormone hạnh phúc (endorphin/dopamine); Giúp chuyển hướng sự chú ý khỏi tác nhân gây lo âu",,,,
1.7,Nói “Không”,easy,easy,5,15,có,"Nói không, giảm những thứ không cần thiết, không phù hợp với bản thân",5,"1. Bước 1: Tìm một không gian yên tĩnh và dừng các việc đang làm. | 2. Bước 2: Hít một hơi thật sâu và chuẩn bị tinh thần thư giãn. | 3. Bước 3: Bắt đầu thực hiện bài tập 'Nói “Không”'. | 4. Bước 4: Tập trung vào cảm nhận hiện tại, loại bỏ những suy nghĩ phiền nhiễu. | 5. Bước 5: Ghi nhận sự thay đổi tích cực sau khi hoàn thành.","Giảm mức độ cortisol, giúp hệ thần kinh thư giãn; Tạo ra hormone hạnh phúc (endorphin/dopamine); Giúp chuyển hướng sự chú ý khỏi tác nhân gây lo âu",,,,
1.8,Tắt thiết bị điện tử trong 15 phút (Digital Detox),easy,easy,5,15,có,"Yêu cầu người dùng tắt điện thoại, máy tính trong khoảng thời gian nhất định. Ứng dụng có thể khóa màn hình hoặc ghi nhận cam kết của người dùng.",5,"1. Tắt Wi-Fi/4G hoặc chuyển thiết bị sang chế độ máy bay. | 2. Đặt thiết bị ở một phòng khác hoặc xa tầm tay hoàn toàn. | 3. Thay thế thời gian đó bằng việc đọc sách, xếp hình hoặc pha trà. | 4. Quan sát cảm giác FOMO (sợ bị bỏ lỡ) xuất hiện và để nó tự đi qua. | 5. Tận hưởng không gian thực tại không bị ngắt quãng.","Giảm áp lực xã hội và hội chứng FOMO gây căng thẳng; Bảo vệ mắt khỏi ánh sáng xanh, cải thiện nhịp sinh học; Tăng chất lượng tương tác thực tế với người xung quanh",,,,
1.9,Họ tất cả các ứng dụng điện thoại không dùng trong vòng một tháng (Digital Detox),easy,easy,5,15,có,Yêu cầu người dùng Xóa những ứng dụng rác hoặc tất cả các nhóm hội thoại rác bỏ theo dõi tất cả những người tạo ra rắc và những thông tin rác,5,"1. Tắt Wi-Fi/4G hoặc chuyển thiết bị sang chế độ máy bay. | 2. Đặt thiết bị ở một phòng khác hoặc xa tầm tay hoàn toàn. | 3. Thay thế thời gian đó bằng việc đọc sách, xếp hình hoặc pha trà. | 4. Quan sát cảm giác FOMO (sợ bị bỏ lỡ) xuất hiện và để nó tự đi qua. | 5. Tận hưởng không gian thực tại không bị ngắt quãng.","Giảm áp lực xã hội và hội chứng FOMO gây căng thẳng; Bảo vệ mắt khỏi ánh sáng xanh, cải thiện nhịp sinh học; Tăng chất lượng tương tác thực tế với người xung quanh",DÀI 81 ký tự,,,
E1,Tách biệt với môi trường hiện tại,emergency,emergency,2,10,có,"Giảm kích thích quá tải từ âm thanh, đám đông, xung đột, hoặc môi trường gây khó chịu.",22,"1. Dừng mọi tương tác trong 10–20 giây. | 2. Tự nói thầm: ""Mình cần tách ra một chút để ổn định lại."" | 3. Rời khỏi nguồn gây khó chịu: | 4. đi ra ngoài, | 5. chuyển sang phòng khác, | 6. tránh màn hình, tiếng người, tiếng ồn. | 7. Nếu chưa thể rời đi, hãy: | 8. đeo tai nghe, | 9. giảm âm lượng môi trường, | 10. quay lưng khỏi nguồn kích thích. | 11. Chọn 1 âm thanh dễ chịu: | 12. tiếng mưa, | 13. piano nhẹ, | 14. tiếng quạt, | 15. tiếng sóng biển, | 16. white noise. | 17. Đứng hoặc ngồi yên, đặt 2 chân chạm đất. | 18. Hít vào chậm 4 giây, thở ra 6 giây, lặp lại 5 lần. | 19. Tự hỏi: | 20. ""Môi trường nào đang làm mình quá tải?"" | 21. ""Mình cần yên tĩnh thêm 2 phút hay 10 phút?"" | 22. Chỉ quay lại khi nhịp thở và cơ thể đã dịu hơn.",Giảm nhịp tim và đồng bộ hóa sóng não thành trạng thái Alpha; Kích thích khu vực vỏ não tiết ra dopamine; Giảm lo âu đáng kể so với việc im lặng thụ động,,,,
E10,Khóc,emergency,emergency,2,10,có,"Nếu khóc làm bạn giảm căng thẳng âu lo, khóc vì những mất mát của bạn, hãy khóc cho thỏa nỗi lòng",5,"1. Bước 1: Tìm một không gian yên tĩnh và dừng các việc đang làm. | 2. Bước 2: Hít một hơi thật sâu và chuẩn bị tinh thần thư giãn. | 3. Bước 3: Bắt đầu thực hiện bài tập 'Khóc'. | 4. Bước 4: Tập trung vào cảm nhận hiện tại, loại bỏ những suy nghĩ phiền nhiễu. | 5. Bước 5: Ghi nhận sự thay đổi tích cực sau khi hoàn thành.","Giảm mức độ cortisol, giúp hệ thần kinh thư giãn; Tạo ra hormone hạnh phúc (endorphin/dopamine); Giúp chuyển hướng sự chú ý khỏi tác nhân gây lo âu",,,,
E11,Sự thật,emergency,emergency,2,10,có,Hãy nói một sự thật mà bạn muốn nói từ rất lâu cho ai đó,5,"1. Bước 1: Tìm một không gian yên tĩnh và dừng các việc đang làm. | 2. Bước 2: Hít một hơi thật sâu và chuẩn bị tinh thần thư giãn. | 3. Bước 3: Bắt đầu thực hiện bài tập 'Sự thật'. | 4. Bước 4: Tập trung vào cảm nhận hiện tại, loại bỏ những suy nghĩ phiền nhiễu. | 5. Bước 5: Ghi nhận sự thay đổi tích cực sau khi hoàn thành.","Giảm mức độ cortisol, giúp hệ thần kinh thư giãn; Tạo ra hormone hạnh phúc (endorphin/dopamine); Giúp chuyển hướng sự chú ý khỏi tác nhân gây lo âu",,,,
E12,Nghe một bản nhạc không lời (Instrumental Music Quest),emergency,emergency,2,10,có,Cung cấp danh sách nhạc nhẹ nhàng (nhạc piano hoặc âm thanh tự nhiên). Người dùng hoàn thành nhiệm vụ khi nghe nhạc trong ít nhất 5 phút.,5,"1. Đeo tai nghe hoặc bật loa với âm lượng vừa phải. | 2. Nhắm mắt lại để tập trung vào thính giác. | 3. Lắng nghe từng nốt nhạc, giai điệu hoặc lời bài hát. | 4. Thả lỏng cơ thể theo nhịp điệu của âm thanh. | 5. Cho phép tâm trí phiêu lưu theo bản nhạc trong ít nhất 5 phút.",Giảm nhịp tim và đồng bộ hóa sóng não thành trạng thái Alpha; Kích thích khu vực vỏ não tiết ra dopamine; Giảm lo âu đáng kể so với việc im lặng thụ động,,,,
E13,Uống một cốc nước chậm rãi (Mindful Drinking Game),emergency,emergency,2,10,có,"Yêu cầu người dùng uống hết một cốc nước trong vòng 3-5 phút, tập trung vào hương vị và cảm giác mỗi lần uống.",5,"1. Chuẩn bị một cốc nước lọc (có thể là nước ấm). | 2. Cầm cốc nước trên tay, cảm nhận nhiệt độ truyền qua da. | 3. Uống một ngụm nhỏ đầu tiên, giữ trong miệng 2-3 giây. | 4. Nuốt chậm rãi và cảm nhận dòng nước đi xuống họng. | 5. Tiếp tục uống từng ngụm nhỏ cho đến khi hết cốc.","Hydrat hóa tế bào não, giảm đau đầu do căng thẳng; Kích hoạt phản xạ nuốt giúp làm dịu dây thần kinh phế vị; Thực hành chánh niệm grounding hiệu quả",,,,
E14,Bài tập nụ cười (Smile for 1 Minute Challenge),emergency,emergency,2,10,có,"Yêu cầu người dùng mỉm cười liên tục trong 1 phút. Ứng dụng có thể bật camera và ghi nhận thử thách hoàn thành. Lưu ý bài không dành cho những người đang buồn vì khi đang quá đau buồn, khóc tốt hơn",5,"1. Ngồi trước gương hoặc nhìn thẳng phía trước. | 2. Mỉm cười một cách có chủ đích, nhe răng ra. | 3. Giữ nụ cười này trong đúng 60 giây liên tục. | 4. Nếu thấy mỏi hay buồn cười, hãy cứ cười lớn. | 5. Thư giãn cơ mặt và cảm nhận sự thay đổi tâm trạng.",Thuyết điểm hồi âm cơ mặt: NÃO BỘ nhận tín hiệu mô phỏng vui vẻ và sinh ra Serotonin giả lập; Giảm nhịp tim sau căng thẳng hiệu quả,,,1.36,
E15,Bóng giảm căng thẳng**,emergency,emergency,2,10,có,Là một kỹ thuật xúc giác để giải tỏa căng thẳng. Bóp bóng bằng tay không thuận trong khi hình dung căng thẳng đang tan biến.,5,"1. Bước 1: Tìm một không gian yên tĩnh và dừng các việc đang làm. | 2. Bước 2: Hít một hơi thật sâu và chuẩn bị tinh thần thư giãn. | 3. Bước 3: Bắt đầu thực hiện bài tập 'Bóng giảm căng thẳng**'. | 4. Bước 4: Tập trung vào cảm nhận hiện tại, loại bỏ những suy nghĩ phiền nhiễu. | 5. Bước 5: Ghi nhận sự thay đổi tích cực sau khi hoàn thành.","Giảm mức độ cortisol, giúp hệ thần kinh thư giãn; Tạo ra hormone hạnh phúc (endorphin/dopamine); Giúp chuyển hướng sự chú ý khỏi tác nhân gây lo âu",,,,
E16,"Rubber band technique"":",emergency,emergency,2,10,có,Sử dụng một sợi dây thun trên cổ tay và kéo nhẹ khi có những suy nghĩ tiêu cực,5,"1. Bước 1: Tìm một không gian yên tĩnh và dừng các việc đang làm. | 2. Bước 2: Hít một hơi thật sâu và chuẩn bị tinh thần thư giãn. | 3. Bước 3: Bắt đầu thực hiện bài tập 'Rubber band technique"":'. | 4. Bước 4: Tập trung vào cảm nhận hiện tại, loại bỏ những suy nghĩ phiền nhiễu. | 5. Bước 5: Ghi nhận sự thay đổi tích cực sau khi hoàn thành.","Giảm mức độ cortisol, giúp hệ thần kinh thư giãn; Tạo ra hormone hạnh phúc (endorphin/dopamine); Giúp chuyển hướng sự chú ý khỏi tác nhân gây lo âu",,,,
E17,Bài tập về thanh gỗ nhỏ,emergency,emergency,2,10,có,"Liên kết đến việc làm dịu các giác quan. Cầm một cây bút chì hoặc một cây gậy trong một tay. Rất chậm rãi và kỹ lưỡng, chạm và theo dõi đường viền của bàn tay kia. Để bút chì hoặc cây gậy lướt qua các ngón tay, lòng bàn tay, mu bàn tay, xung quanh và vào và ra khỏi bàn tay và quanh cổ tay. Lưu ý xem có vùng nào trên bàn tay và cổ tay cần được chú ý nhiều hơn không và nhẹ nhàng chạm và vuốt chậm vùng đó. Sau vài phút, đặt bút chì hoặc cây gậy xuống. Lưu ý cảm giác của bàn tay bạn lúc này. Cảm giác của nó như thế nào khi so sánh với bàn tay kia? Bây giờ đổi tay và cầm bút chì hoặc cây gậy trong tay kia. Bây giờ chạm và theo dõi đường viền của bàn tay kia rất chậm.",5,"1. Bước 1: Tìm một không gian yên tĩnh và dừng các việc đang làm. | 2. Bước 2: Hít một hơi thật sâu và chuẩn bị tinh thần thư giãn. | 3. Bước 3: Bắt đầu thực hiện bài tập 'Bài tập về thanh gỗ nhỏ'. | 4. Bước 4: Tập trung vào cảm nhận hiện tại, loại bỏ những suy nghĩ phiền nhiễu. | 5. Bước 5: Ghi nhận sự thay đổi tích cực sau khi hoàn thành.","Giảm mức độ cortisol, giúp hệ thần kinh thư giãn; Tạo ra hormone hạnh phúc (endorphin/dopamine); Giúp chuyển hướng sự chú ý khỏi tác nhân gây lo âu",,,,
E18,Bài tập Mười lăm thứ,emergency,emergency,2,10,có,"Bắt đầu bằng cách tìm năm thứ xung quanh mà bạn có thể nhìn thấy. Nói to chúng là gì và sử dụng những từ cụ thể để mô tả những gì bạn nhìn thấy. Tiếp theo, tìm bốn âm thanh xung quanh mà bạn có thể nghe thấy. Nói to chúng là gì và sử dụng càng nhiều từ cụ thể càng tốt để mô tả âm thanh. Tìm ba thứ xung quanh mà bạn có thể chạm vào/đang chạm vào. Nói to chúng là gì bằng cách sử dụng những từ cụ thể khi mô tả sự chạm vào. Tìm hai thứ xung quanh mà bạn có thể ngửi thấy. Nói to chúng là gì. Tìm một thứ xung quanh mà bạn có thể nắm được. Nói to chúng là gì.",5,"1. Bước 1: Tìm một không gian yên tĩnh và dừng các việc đang làm. | 2. Bước 2: Hít một hơi thật sâu và chuẩn bị tinh thần thư giãn. | 3. Bước 3: Bắt đầu thực hiện bài tập 'Bài tập Mười lăm thứ'. | 4. Bước 4: Tập trung vào cảm nhận hiện tại, loại bỏ những suy nghĩ phiền nhiễu. | 5. Bước 5: Ghi nhận sự thay đổi tích cực sau khi hoàn thành.","Giảm mức độ cortisol, giúp hệ thần kinh thư giãn; Tạo ra hormone hạnh phúc (endorphin/dopamine); Giúp chuyển hướng sự chú ý khỏi tác nhân gây lo âu",,,,
E19,Chơi với trẻ em hoặc trò chuyện với người già thông thái,emergency,emergency,2,10,có,"Trẻ em mang lại sự trong sáng, năng lượng tích cực. Vì vậy việc chơi với trẻ em là cách để tâm trí về nơi hạnh phúc khởi đầu. Còn người già thông thái là những người mà chúng ta có thể xin lời khuyên.",5,"1. Xác định người hoặc tổ chức bạn muốn tương tác hoặc giúp đỡ. | 2. Chủ động liên hệ, gọi điện hoặc lên kế hoạch gặp mặt. | 3. Giao tiếp với thái độ chân thành, cởi mở, không phán xét. | 4. Lắng nghe tích cực và thể hiện sự thiện chí/đóng góp của bạn. | 5. Ghi nhận cảm xúc ấm áp sau khi kết nối xã hội hoàn thành.","Tăng nồng độ Oxytocin (hormone gắn kết tình cảm, giảm stress); Giảm cảm giác cô đơn và trầm cảm; Tạo động lực và nâng cao sự tự tôn thông qua giá trị trao đi",,,,
E2,Hít thở sâu (Deep Breathing Game),emergency,emergency,2,10,có,"Hướng dẫn người dùng thực hiện bài tập hít vào và thở ra chậm trong vòng 1-2 phút. Có hiệu ứng hình ảnh bong bóng lớn dần khi hít vào và nhỏ lại khi thở ra. Giữ thẳng lưng người trên ghế. Hít thở sâu, lâu, dài. Ngẩng gương mặt để tạo góc hít thở thuận lợi.",5,"1. Ngồi hoặc nằm ở tư thế thoải mái, giữ thẳng lưng. | 2. Đặt một tay lên bụng để cảm nhận nhịp thở. | 3. Hít vào từ từ bằng mũi trong 4 giây, bụng phình ra. | 4. Giữ hơi thở lại trong 4 giây. | 5. Thở ra từ từ bằng miệng trong 4 giây, lặp lại quy trình 5 vòng.","Kích hoạt hệ thần kinh phó giao cảm (rest and digest); Làm chậm nhịp tim và giảm huyết áp ngay lập tức; Tăng cường oxy lên não, cải thiện độ tập trung",,,,
E3,"""Stop, drop, and breathe"":",emergency,emergency,2,10,có,"Dừng lại khi có suy nghĩ tiêu cực, tập trung vào hơi thở, và thay thế chúng bằng những lời khẳng định tích cực",5,"1. Ngồi hoặc nằm ở tư thế thoải mái, giữ thẳng lưng. | 2. Đặt một tay lên bụng để cảm nhận nhịp thở. | 3. Hít vào từ từ bằng mũi trong 4 giây, bụng phình ra. | 4. Giữ hơi thở lại trong 4 giây. | 5. Thở ra từ từ bằng miệng trong 4 giây, lặp lại quy trình 5 vòng.","Kích hoạt hệ thần kinh phó giao cảm (rest and digest); Làm chậm nhịp tim và giảm huyết áp ngay lập tức; Tăng cường oxy lên não, cải thiện độ tập trung",,,,
E4,Chú tâm nói chậm lại,emergency,emergency,2,10,có,"Để ý đến giọng của bản thân và chủ tâm nói chậm lại, Nói chậm tự nhiên kéo theo thở sâu hơn, đều hơn. Thở chậm, đều giúp kích hoạt hệ thần kinh phó giao cảm (rest & digest) → cơ thể bớt căng, nhịp tim dịu xuống. Đây là phương pháp điều tiết nhịp thở qua giọng nói",5,"1. Chọn tư thế ngồi thẳng lưng thoải mái. | 2. Nhắm mắt và đem sự chú ý hướng về hơi thở tự nhiên. | 3. Khi có suy nghĩ khác chen ngang, đừng phán xét, hãy ghi nhận chúng. | 4. Nhẹ nhàng đưa sự chú ý quay lại hơi thở. | 5. Duy trì trạng thái hiện diện này cho đến khi kết thúc thời gian.","Làm dày vỏ não trước trán, cải thiện khả năng điều tiết cảm xúc; Giảm kích thước hạch hạnh nhân (amygdala) liên quan đến lo âu; Tăng khả năng tập trung (attention span)",,,,
E5,Rửa mặt bằng nước lạnh,emergency,emergency,2,10,có,Khi chúng ta rửa mặt= nước lạnh thì chúng ta sẽ cảm thấy một cảm giác khoan khoái tỉnh táo và lúc đó bạn sẽ giảm stress.,5,"1. Chuẩn bị một cốc nước lọc (có thể là nước ấm). | 2. Cầm cốc nước trên tay, cảm nhận nhiệt độ truyền qua da. | 3. Uống một ngụm nhỏ đầu tiên, giữ trong miệng 2-3 giây. | 4. Nuốt chậm rãi và cảm nhận dòng nước đi xuống họng. | 5. Tiếp tục uống từng ngụm nhỏ cho đến khi hết cốc.","Hydrat hóa tế bào não, giảm đau đầu do căng thẳng; Kích hoạt phản xạ nuốt giúp làm dịu dây thần kinh phế vị; Thực hành chánh niệm grounding hiệu quả",,,,
E6,Tha thứ cho bản thân,emergency,emergency,2,10,có,"Khi chúng ta giữ sự oán giận, hận thù hoặc tội lỗi trong lòng, những cảm xúc tiêu cực này sẽ tích tụ và gây ra căng thẳng. Tha thứ giúp chúng ta giải phóng những cảm xúc tiêu cực này, giảm bớt gánh nặng tinh thần và mang lại cảm giác nhẹ nhõm",5,"1. Bước 1: Tìm một không gian yên tĩnh và dừng các việc đang làm. | 2. Bước 2: Hít một hơi thật sâu và chuẩn bị tinh thần thư giãn. | 3. Bước 3: Bắt đầu thực hiện bài tập 'Tha thứ cho bản thân'. | 4. Bước 4: Tập trung vào cảm nhận hiện tại, loại bỏ những suy nghĩ phiền nhiễu. | 5. Bước 5: Ghi nhận sự thay đổi tích cực sau khi hoàn thành.","Giảm mức độ cortisol, giúp hệ thần kinh thư giãn; Tạo ra hormone hạnh phúc (endorphin/dopamine); Giúp chuyển hướng sự chú ý khỏi tác nhân gây lo âu",,,,
E7,Ngừng so sánh,emergency,emergency,2,10,có,"Ngừng so sánh bản thân với người khác, với thành tựu của họ, với những thứ họ đang có và đã có. Bớt so sánh, bớt kỳ vọng sẽ giúp bạn luôn trong trạng thái hài lòng, hạnh phúc và nhẹ nhõm",5,"1. Bước 1: Tìm một không gian yên tĩnh và dừng các việc đang làm. | 2. Bước 2: Hít một hơi thật sâu và chuẩn bị tinh thần thư giãn. | 3. Bước 3: Bắt đầu thực hiện bài tập 'Ngừng so sánh'. | 4. Bước 4: Tập trung vào cảm nhận hiện tại, loại bỏ những suy nghĩ phiền nhiễu. | 5. Bước 5: Ghi nhận sự thay đổi tích cực sau khi hoàn thành.","Giảm mức độ cortisol, giúp hệ thần kinh thư giãn; Tạo ra hormone hạnh phúc (endorphin/dopamine); Giúp chuyển hướng sự chú ý khỏi tác nhân gây lo âu",,,,
E8,Nghỉ ngơi (Take a Break),emergency,emergency,2,10,có,"Tạo cho bản thân người dùng một khoảng lặng, tách bạch với nguồn cơn stress. Tạo cho bản thân 1 khoảng không gian riêng để người dùng có thể bình tĩnh hơn (ví dụ như xin nghỉ phép 1-2 ngày, đi dạo, ngủ 1 giấc ngủ nháp",5,"1. Tạo môi trường mờ tối, nhiệt độ mát mẻ và yên tĩnh. | 2. Rời xa điện thoại di động ít nhất 15-30 phút trước đó. | 3. Nằm thả lỏng trên giường, nhắm mắt lại. | 4. Quét cơ thể từ ngón chân lên đỉnh đầu, thả lỏng từng phần. | 5. Cho phép bản thân chìm vào giấc ngủ tự nhiên không gượng ép.",Phục hồi năng lượng cho tế bào và dọn dẹp 'rác thải' trong não; Cân bằng lại hormone stress cortisol và adrenaline; Tăng cường trí nhớ và khả năng giải quyết vấn đề,,,,
E9,Cầm một cốc nước ấm và cảm nhận (Warm Cup Challenge),emergency,emergency,2,10,có,Hướng dẫn người dùng cầm một cốc nước ấm và tập trung vào cảm nhận độ ấm trong tay trong 3 phút.,5,"1. Chuẩn bị một cốc nước lọc (có thể là nước ấm). | 2. Cầm cốc nước trên tay, cảm nhận nhiệt độ truyền qua da. | 3. Uống một ngụm nhỏ đầu tiên, giữ trong miệng 2-3 giây. | 4. Nuốt chậm rãi và cảm nhận dòng nước đi xuống họng. | 5. Tiếp tục uống từng ngụm nhỏ cho đến khi hết cốc.","Hydrat hóa tế bào não, giảm đau đầu do căng thẳng; Kích hoạt phản xạ nuốt giúp làm dịu dây thần kinh phế vị; Thực hành chánh niệm grounding hiệu quả",,,,
3.1,Phát triển bộ lọc tinh thần mạnh mẽ,hard,hard,15,30,có,"Khi gặp một thông tin mới, hãy tự hỏi: Điều này có thực sự liên quan đến cuộc sống của tôi không? Tôi có thể làm gì để thay đổi điều này? Nó có còn quan trọng sau một tuần? Một năm? Nó có đang cố thao túng cảm xúc của tôi không?",5,"1. Đeo tai nghe hoặc bật loa với âm lượng vừa phải. | 2. Nhắm mắt lại để tập trung vào thính giác. | 3. Lắng nghe từng nốt nhạc, giai điệu hoặc lời bài hát. | 4. Thả lỏng cơ thể theo nhịp điệu của âm thanh. | 5. Cho phép tâm trí phiêu lưu theo bản nhạc trong ít nhất 5 phút.",Giảm nhịp tim và đồng bộ hóa sóng não thành trạng thái Alpha; Kích thích khu vực vỏ não tiết ra dopamine; Giảm lo âu đáng kể so với việc im lặng thụ động,,,,
3.1,Làm điều tốt bất ngờ (Random Act of Kindness Game),hard,hard,15,30,có,"Yêu cầu người dùng thực hiện một hành động tốt bất ngờ cho người khác (mua cà phê cho đồng nghiệp, giúp đỡ hàng xóm).",5,"1. Bước 1: Tìm một không gian yên tĩnh và dừng các việc đang làm. | 2. Bước 2: Hít một hơi thật sâu và chuẩn bị tinh thần thư giãn. | 3. Bước 3: Bắt đầu thực hiện bài tập 'Làm điều tốt bất ngờ (Random Act of Kindness Game)'. | 4. Bước 4: Tập trung vào cảm nhận hiện tại, loại bỏ những suy nghĩ phiền nhiễu. | 5. Bước 5: Ghi nhận sự thay đổi tích cực sau khi hoàn thành.","Giảm mức độ cortisol, giúp hệ thần kinh thư giãn; Tạo ra hormone hạnh phúc (endorphin/dopamine); Giúp chuyển hướng sự chú ý khỏi tác nhân gây lo âu",,,,
3.11,Rời xa hoàn toàn với các thiết bị điện tử trong 1 khoảng thời gian nhất định và cố định trong ngày,hard,hard,15,30,có,"Nhằm giúp người dùng lấy lại được cân bằng và giảm căng thẳng mệt mỏi, việc rời xa mọi thiết bị điện tử giúp người dùng tận hưởng cuộc sống của họ tốt hơn.",5,"1. Tắt Wi-Fi/4G hoặc chuyển thiết bị sang chế độ máy bay. | 2. Đặt thiết bị ở một phòng khác hoặc xa tầm tay hoàn toàn. | 3. Thay thế thời gian đó bằng việc đọc sách, xếp hình hoặc pha trà. | 4. Quan sát cảm giác FOMO (sợ bị bỏ lỡ) xuất hiện và để nó tự đi qua. | 5. Tận hưởng không gian thực tại không bị ngắt quãng.","Giảm áp lực xã hội và hội chứng FOMO gây căng thẳng; Bảo vệ mắt khỏi ánh sáng xanh, cải thiện nhịp sinh học; Tăng chất lượng tương tác thực tế với người xung quanh",DÀI 98 ký tự,,,
3.12,Có một tầm nhìn rõ ràng,hard,hard,15,30,có,"về cuộc sống và một kế hoạch để đạt được nó .... Rất nhiều người giỏi nhất không biết họ đang làm gì với cuộc đời mình, cảm thấy vô dụng và bất lực . Có một tầm nhìn rõ ràng là có mục đích và ý nghĩa",5,"1. Bước 1: Tìm một không gian yên tĩnh và dừng các việc đang làm. | 2. Bước 2: Hít một hơi thật sâu và chuẩn bị tinh thần thư giãn. | 3. Bước 3: Bắt đầu thực hiện bài tập 'Có một tầm nhìn rõ ràng'. | 4. Bước 4: Tập trung vào cảm nhận hiện tại, loại bỏ những suy nghĩ phiền nhiễu. | 5. Bước 5: Ghi nhận sự thay đổi tích cực sau khi hoàn thành.","Giảm mức độ cortisol, giúp hệ thần kinh thư giãn; Tạo ra hormone hạnh phúc (endorphin/dopamine); Giúp chuyển hướng sự chú ý khỏi tác nhân gây lo âu",,,,
3.13,"Chấp nhận thực tế: Kiên định chấp nhận thực tế, dù khó khăn. Thuận theo lẽ tự nhiên",hard,hard,15,30,có,,5,"1. Lấy một cuốn sổ hoặc mở ứng dụng ghi chú. | 2. Hồi tưởng lại những khoảnh khắc, sự việc vừa diễn ra trong ngày. | 3. Viết ra 3 điều cụ thể mà bạn cảm thấy biết ơn hoặc tự hào. | 4. Viết kèm lý do tại sao điều đó lại có ý nghĩa với bạn. | 5. Đọc lại danh sách và mỉm cười ghi nhận những giá trị tốt đẹp.",Tái cấu trúc thần kinh (neuroplasticity) theo hướng tích cực; Giảm triệu chứng trầm cảm lên đến 30% nếu thực hành lâu dài; Tăng cường sản sinh serotonin tự nhiên,DÀI 83 ký tự,THIẾU MÔ TẢ,,
3.14,Điều này có nghĩa là họ không trốn tránh hoặc phủ nhận những tình huống khó khăn mà đối mặt với chúng một cách trực diện. Khả năng này giúp họ vượt qua nghịch cảnh và phục hồi sau những thất bại,hard,hard,15,30,có,,5,"1. Chuẩn bị một cốc nước lọc (có thể là nước ấm). | 2. Cầm cốc nước trên tay, cảm nhận nhiệt độ truyền qua da. | 3. Uống một ngụm nhỏ đầu tiên, giữ trong miệng 2-3 giây. | 4. Nuốt chậm rãi và cảm nhận dòng nước đi xuống họng. | 5. Tiếp tục uống từng ngụm nhỏ cho đến khi hết cốc.","Hydrat hóa tế bào não, giảm đau đầu do căng thẳng; Kích hoạt phản xạ nuốt giúp làm dịu dây thần kinh phế vị; Thực hành chánh niệm grounding hiệu quả",DÀI 194 ký tự,THIẾU MÔ TẢ,,
3.15,Tha thứ cho Kẻ thù,hard,hard,15,30,có,"Khi chúng ta giữ sự oán giận, hận thù hoặc tội lỗi trong lòng, những cảm xúc tiêu cực này sẽ tích tụ và gây ra căng thẳng. Tha thứ giúp chúng ta giải phóng những cảm xúc tiêu cực này, giảm bớt gánh nặng tinh thần và mang lại cảm giác nhẹ nhõm",5,"1. Bước 1: Tìm một không gian yên tĩnh và dừng các việc đang làm. | 2. Bước 2: Hít một hơi thật sâu và chuẩn bị tinh thần thư giãn. | 3. Bước 3: Bắt đầu thực hiện bài tập 'Tha thứ cho Kẻ thù'. | 4. Bước 4: Tập trung vào cảm nhận hiện tại, loại bỏ những suy nghĩ phiền nhiễu. | 5. Bước 5: Ghi nhận sự thay đổi tích cực sau khi hoàn thành.","Giảm mức độ cortisol, giúp hệ thần kinh thư giãn; Tạo ra hormone hạnh phúc (endorphin/dopamine); Giúp chuyển hướng sự chú ý khỏi tác nhân gây lo âu",,,,
3.16,Chơi với động vật (Pet Bonding Task),hard,hard,15,30,có,"Nếu có thú cưng, yêu cầu người dùng dành 10 phút chơi đùa và ghi nhận cảm xúc tích cực sau đó.",5,"1. Bước 1: Tìm một không gian yên tĩnh và dừng các việc đang làm. | 2. Bước 2: Hít một hơi thật sâu và chuẩn bị tinh thần thư giãn. | 3. Bước 3: Bắt đầu thực hiện bài tập 'Chơi với động vật (Pet Bonding Task)'. | 4. Bước 4: Tập trung vào cảm nhận hiện tại, loại bỏ những suy nghĩ phiền nhiễu. | 5. Bước 5: Ghi nhận sự thay đổi tích cực sau khi hoàn thành.","Giảm mức độ cortisol, giúp hệ thần kinh thư giãn; Tạo ra hormone hạnh phúc (endorphin/dopamine); Giúp chuyển hướng sự chú ý khỏi tác nhân gây lo âu",,,3.18,
3.17,Chơi cờ hoặc học chơi cờ hoặc giải các ô chữ (thậm chí chơi game trí tuệ trên điện thoại hoặc máy tính),hard,hard,15,30,có,"Chơi cờ và học chơi cờ làm tâm trí tập trung nhưng tách hẳn với căng thẳng, mệt mỏi",5,"1. Bước 1: Tìm một không gian yên tĩnh và dừng các việc đang làm. | 2. Bước 2: Hít một hơi thật sâu và chuẩn bị tinh thần thư giãn. | 3. Bước 3: Bắt đầu thực hiện bài tập 'Chơi cờ hoặc học chơi cờ hoặc giải các ô chữ (thậm chí chơi game trí tuệ trên điện thoại hoặc máy tính)'. | 4. Bước 4: Tập trung vào cảm nhận hiện tại, loại bỏ những suy nghĩ phiền nhiễu. | 5. Bước 5: Ghi nhận sự thay đổi tích cực sau khi hoàn thành.","Giảm mức độ cortisol, giúp hệ thần kinh thư giãn; Tạo ra hormone hạnh phúc (endorphin/dopamine); Giúp chuyển hướng sự chú ý khỏi tác nhân gây lo âu",DÀI 103 ký tự,,,
3.18,Chơi với động vật (Pet Bonding Task),hard,hard,15,30,có,"Nếu có thú cưng, yêu cầu người dùng dành 10 phút chơi đùa và ghi nhận cảm xúc tích cực sau đó.",5,"1. Bước 1: Tìm một không gian yên tĩnh và dừng các việc đang làm. | 2. Bước 2: Hít một hơi thật sâu và chuẩn bị tinh thần thư giãn. | 3. Bước 3: Bắt đầu thực hiện bài tập 'Chơi với động vật (Pet Bonding Task)'. | 4. Bước 4: Tập trung vào cảm nhận hiện tại, loại bỏ những suy nghĩ phiền nhiễu. | 5. Bước 5: Ghi nhận sự thay đổi tích cực sau khi hoàn thành.","Giảm mức độ cortisol, giúp hệ thần kinh thư giãn; Tạo ra hormone hạnh phúc (endorphin/dopamine); Giúp chuyển hướng sự chú ý khỏi tác nhân gây lo âu",,,3.16,
3.19,Vẽ cảm xúc (Expressive Art Challenge),hard,hard,15,30,có,Yêu cầu người dùng vẽ một bức tranh thể hiện tâm trạng hiện tại (không cần đẹp).,5,"1. Bước 1: Tìm một không gian yên tĩnh và dừng các việc đang làm. | 2. Bước 2: Hít một hơi thật sâu và chuẩn bị tinh thần thư giãn. | 3. Bước 3: Bắt đầu thực hiện bài tập 'Vẽ cảm xúc (Expressive Art Challenge)'. | 4. Bước 4: Tập trung vào cảm nhận hiện tại, loại bỏ những suy nghĩ phiền nhiễu. | 5. Bước 5: Ghi nhận sự thay đổi tích cực sau khi hoàn thành.","Giảm mức độ cortisol, giúp hệ thần kinh thư giãn; Tạo ra hormone hạnh phúc (endorphin/dopamine); Giúp chuyển hướng sự chú ý khỏi tác nhân gây lo âu",,,,
3.2,Trò chuyện với một người được tin tưởng (Connect with a Friend Challenge),hard,hard,15,30,có,Hướng dẫn người dùng gọi điện hoặc gặp mặt trực tiếp một người mà họ tin tưởng và ghi nhận cảm xúc sau cuộc trò chuyện.,5,"1. Xác định người hoặc tổ chức bạn muốn tương tác hoặc giúp đỡ. | 2. Chủ động liên hệ, gọi điện hoặc lên kế hoạch gặp mặt. | 3. Giao tiếp với thái độ chân thành, cởi mở, không phán xét. | 4. Lắng nghe tích cực và thể hiện sự thiện chí/đóng góp của bạn. | 5. Ghi nhận cảm xúc ấm áp sau khi kết nối xã hội hoàn thành.","Tăng nồng độ Oxytocin (hormone gắn kết tình cảm, giảm stress); Giảm cảm giác cô đơn và trầm cảm; Tạo động lực và nâng cao sự tự tôn thông qua giá trị trao đi",DÀI 73 ký tự,,,
3.2,"Chơi trò ""Thử thách im lặng"" (Silence Challenge)",hard,hard,15,30,có,Thách thức người dùng ngồi im và không nói chuyện trong vòng 10-15 phút.,5,"1. Bước 1: Tìm một không gian yên tĩnh và dừng các việc đang làm. | 2. Bước 2: Hít một hơi thật sâu và chuẩn bị tinh thần thư giãn. | 3. Bước 3: Bắt đầu thực hiện bài tập 'Chơi trò ""Thử thách im lặng"" (Silence Challenge)'. | 4. Bước 4: Tập trung vào cảm nhận hiện tại, loại bỏ những suy nghĩ phiền nhiễu. | 5. Bước 5: Ghi nhận sự thay đổi tích cực sau khi hoàn thành.","Giảm mức độ cortisol, giúp hệ thần kinh thư giãn; Tạo ra hormone hạnh phúc (endorphin/dopamine); Giúp chuyển hướng sự chú ý khỏi tác nhân gây lo âu",,,,
3.21,Trồng cây hoặc chăm sóc cây xanh (Plant Care Task),hard,hard,15,30,có,"Hướng dẫn người dùng tưới cây, cắt tỉa cây và ghi nhận cảm giác thư giãn.",5,"1. Bước 1: Tìm một không gian yên tĩnh và dừng các việc đang làm. | 2. Bước 2: Hít một hơi thật sâu và chuẩn bị tinh thần thư giãn. | 3. Bước 3: Bắt đầu thực hiện bài tập 'Trồng cây hoặc chăm sóc cây xanh (Plant Care Task)'. | 4. Bước 4: Tập trung vào cảm nhận hiện tại, loại bỏ những suy nghĩ phiền nhiễu. | 5. Bước 5: Ghi nhận sự thay đổi tích cực sau khi hoàn thành.","Giảm mức độ cortisol, giúp hệ thần kinh thư giãn; Tạo ra hormone hạnh phúc (endorphin/dopamine); Giúp chuyển hướng sự chú ý khỏi tác nhân gây lo âu",,,,
3.3,Hết mình trong bất kỳ hoạt động nào chúng ta lựa chọn,hard,hard,15,30,có,,5,"1. Bước 1: Tìm một không gian yên tĩnh và dừng các việc đang làm. | 2. Bước 2: Hít một hơi thật sâu và chuẩn bị tinh thần thư giãn. | 3. Bước 3: Bắt đầu thực hiện bài tập 'Hết mình trong bất kỳ hoạt động nào chúng ta lựa chọn'. | 4. Bước 4: Tập trung vào cảm nhận hiện tại, loại bỏ những suy nghĩ phiền nhiễu. | 5. Bước 5: Ghi nhận sự thay đổi tích cực sau khi hoàn thành.","Giảm mức độ cortisol, giúp hệ thần kinh thư giãn; Tạo ra hormone hạnh phúc (endorphin/dopamine); Giúp chuyển hướng sự chú ý khỏi tác nhân gây lo âu",,THIẾU MÔ TẢ,,
3.4,"Cho bản thân thêm thời gian: Hãy tự cho bản thân thêm thời gian để hoàn thành các kế hoạch của mình, bạn sẽ thấy thong thả, thư thái hơn",hard,hard,15,30,có,,5,"1. Bước 1: Tìm một không gian yên tĩnh và dừng các việc đang làm. | 2. Bước 2: Hít một hơi thật sâu và chuẩn bị tinh thần thư giãn. | 3. Bước 3: Bắt đầu thực hiện bài tập 'Cho bản thân thêm thời gian: Hãy tự cho bản thân thêm thời gian để hoàn thành các kế hoạch của mình, bạn sẽ thấy thong thả, thư thái hơn'. | 4. Bước 4: Tập trung vào cảm nhận hiện tại, loại bỏ những suy nghĩ phiền nhiễu. | 5. Bước 5: Ghi nhận sự thay đổi tích cực sau khi hoàn thành.","Giảm mức độ cortisol, giúp hệ thần kinh thư giãn; Tạo ra hormone hạnh phúc (endorphin/dopamine); Giúp chuyển hướng sự chú ý khỏi tác nhân gây lo âu",DÀI 136 ký tự,THIẾU MÔ TẢ,,
3.5,Tham gia hoạt động từ thiện (Kindness Challenge) – tương tác xã hội ở cấp độ 2,hard,hard,15,30,có,Khuyến khích người dùng tham gia một hoạt động từ thiện nhỏ (ví dụ: tặng quà cho người nghèo hoặc giúp đỡ người khác). Tăng cường tương tác xã hội ở mức độ 2,5,"1. Xác định người hoặc tổ chức bạn muốn tương tác hoặc giúp đỡ. | 2. Chủ động liên hệ, gọi điện hoặc lên kế hoạch gặp mặt. | 3. Giao tiếp với thái độ chân thành, cởi mở, không phán xét. | 4. Lắng nghe tích cực và thể hiện sự thiện chí/đóng góp của bạn. | 5. Ghi nhận cảm xúc ấm áp sau khi kết nối xã hội hoàn thành.","Tăng nồng độ Oxytocin (hormone gắn kết tình cảm, giảm stress); Giảm cảm giác cô đơn và trầm cảm; Tạo động lực và nâng cao sự tự tôn thông qua giá trị trao đi",DÀI 78 ký tự,,,
3.6,Thăm trại trẻ mồ côi hoặc bệnh viện (Community Engagement Task),hard,hard,15,30,có,"Gợi ý người dùng ghé thăm các tổ chức cộng đồng, bệnh viện hoặc trại trẻ mồ côi để tạo kết nối ý nghĩa.",5,"1. Bước 1: Tìm một không gian yên tĩnh và dừng các việc đang làm. | 2. Bước 2: Hít một hơi thật sâu và chuẩn bị tinh thần thư giãn. | 3. Bước 3: Bắt đầu thực hiện bài tập 'Thăm trại trẻ mồ côi hoặc bệnh viện (Community Engagement Task)'. | 4. Bước 4: Tập trung vào cảm nhận hiện tại, loại bỏ những suy nghĩ phiền nhiễu. | 5. Bước 5: Ghi nhận sự thay đổi tích cực sau khi hoàn thành.","Giảm mức độ cortisol, giúp hệ thần kinh thư giãn; Tạo ra hormone hạnh phúc (endorphin/dopamine); Giúp chuyển hướng sự chú ý khỏi tác nhân gây lo âu",DÀI 63 ký tự,,,
3.7,Tương tác xã hội cấp độ 2,hard,hard,15,30,có,"Yêu cầu người dùng xây dựng mối quan hệ trong tình cảm, người thân, mối quan hệ công việc những người thân tình, có thể chia sẻ quan điểm, góc nhìn, giúp đỡ lẫn nhau, chia sẻ cảm xúc cho nhanh. Duy trì các mối quan hệ này bền chặt.",5,"1. Bước 1: Tìm một không gian yên tĩnh và dừng các việc đang làm. | 2. Bước 2: Hít một hơi thật sâu và chuẩn bị tinh thần thư giãn. | 3. Bước 3: Bắt đầu thực hiện bài tập 'Tương tác xã hội cấp độ 2'. | 4. Bước 4: Tập trung vào cảm nhận hiện tại, loại bỏ những suy nghĩ phiền nhiễu. | 5. Bước 5: Ghi nhận sự thay đổi tích cực sau khi hoàn thành.","Giảm mức độ cortisol, giúp hệ thần kinh thư giãn; Tạo ra hormone hạnh phúc (endorphin/dopamine); Giúp chuyển hướng sự chú ý khỏi tác nhân gây lo âu",,,,
3.8,Thực hiện nhật ký cảm xúc (Emotional Journaling),hard,hard,15,30,có,Ghi lại cảm xúc mỗi ngày trong vòng một tuần và chia sẻ tiến triển tích cực sau khi hoàn thành.,5,"1. Bước 1: Tìm một không gian yên tĩnh và dừng các việc đang làm. | 2. Bước 2: Hít một hơi thật sâu và chuẩn bị tinh thần thư giãn. | 3. Bước 3: Bắt đầu thực hiện bài tập 'Thực hiện nhật ký cảm xúc (Emotional Journaling)'. | 4. Bước 4: Tập trung vào cảm nhận hiện tại, loại bỏ những suy nghĩ phiền nhiễu. | 5. Bước 5: Ghi nhận sự thay đổi tích cực sau khi hoàn thành.","Giảm mức độ cortisol, giúp hệ thần kinh thư giãn; Tạo ra hormone hạnh phúc (endorphin/dopamine); Giúp chuyển hướng sự chú ý khỏi tác nhân gây lo âu",,,,
3.9,Tìm và viết thư cho chính mình (Write a Letter to Your Future Self),hard,hard,15,30,có,Yêu cầu người dùng viết một lá thư tích cực gửi cho chính họ trong tương lai.,5,"1. Bước 1: Tìm một không gian yên tĩnh và dừng các việc đang làm. | 2. Bước 2: Hít một hơi thật sâu và chuẩn bị tinh thần thư giãn. | 3. Bước 3: Bắt đầu thực hiện bài tập 'Tìm và viết thư cho chính mình (Write a Letter to Your Future Self)'. | 4. Bước 4: Tập trung vào cảm nhận hiện tại, loại bỏ những suy nghĩ phiền nhiễu. | 5. Bước 5: Ghi nhận sự thay đổi tích cực sau khi hoàn thành.","Giảm mức độ cortisol, giúp hệ thần kinh thư giãn; Tạo ra hormone hạnh phúc (endorphin/dopamine); Giúp chuyển hướng sự chú ý khỏi tác nhân gây lo âu",DÀI 67 ký tự,,,
2.1,"Thực hành ""nhịn thông tin""",medium,medium,10,20,có,"Giống như bạn cẩn thận với những gì mình ăn, hãy cẩn trọng với những thông tin bạn tiêu thụ. Bỏ theo dõi những tài khoản khiến bạn lo lắng hoặc tức giận. Xóa các ứng dụng tin tức khỏi điện thoại.",5,"1. Bước 1: Tìm một không gian yên tĩnh và dừng các việc đang làm. | 2. Bước 2: Hít một hơi thật sâu và chuẩn bị tinh thần thư giãn. | 3. Bước 3: Bắt đầu thực hiện bài tập 'Thực hành ""nhịn thông tin""'. | 4. Bước 4: Tập trung vào cảm nhận hiện tại, loại bỏ những suy nghĩ phiền nhiễu. | 5. Bước 5: Ghi nhận sự thay đổi tích cực sau khi hoàn thành.","Giảm mức độ cortisol, giúp hệ thần kinh thư giãn; Tạo ra hormone hạnh phúc (endorphin/dopamine); Giúp chuyển hướng sự chú ý khỏi tác nhân gây lo âu",,,,
2.1,Lên kế hoạch cuộc đời cho bản thân về việc đối mặt với căng thẳng và thiết lập mục tiêu cuộc đời,medium,medium,10,20,có,Hãy dành ra một ngày từ 5-10 phút xây dựng cho bản thân mình kế hoạch cuộc đời và điều chỉnh nó hàng ngày phù hợp với cách cảm nhận cuộc sống của bạn,5,"1. Bước 1: Tìm một không gian yên tĩnh và dừng các việc đang làm. | 2. Bước 2: Hít một hơi thật sâu và chuẩn bị tinh thần thư giãn. | 3. Bước 3: Bắt đầu thực hiện bài tập 'Lên kế hoạch cuộc đời cho bản thân về việc đối mặt với căng thẳng và thiết lập mục tiêu cuộc đời'. | 4. Bước 4: Tập trung vào cảm nhận hiện tại, loại bỏ những suy nghĩ phiền nhiễu. | 5. Bước 5: Ghi nhận sự thay đổi tích cực sau khi hoàn thành.","Giảm mức độ cortisol, giúp hệ thần kinh thư giãn; Tạo ra hormone hạnh phúc (endorphin/dopamine); Giúp chuyển hướng sự chú ý khỏi tác nhân gây lo âu",DÀI 96 ký tự,,,
2.11,KHông sử dụng mạng xã hội trong 10-15 ngày (Abandon social media),medium,medium,10,20,có,"Không sử dụng mạng xã hôi giúp cho người dùng ít tiếp xúc những thông tin tiêu cực, giúp họ sớm lấy lại tinh thần tốt lên.  MXH có quá nhiều thông tin sẽ làm bạn mất tập trung, sợ bỏ lỡ cái gì đó, bị lâm vào thế trận FOMO, từ đó làm bạn mất tập trung và gây căng thẳng.",5,"1. Tắt Wi-Fi/4G hoặc chuyển thiết bị sang chế độ máy bay. | 2. Đặt thiết bị ở một phòng khác hoặc xa tầm tay hoàn toàn. | 3. Thay thế thời gian đó bằng việc đọc sách, xếp hình hoặc pha trà. | 4. Quan sát cảm giác FOMO (sợ bị bỏ lỡ) xuất hiện và để nó tự đi qua. | 5. Tận hưởng không gian thực tại không bị ngắt quãng.","Giảm áp lực xã hội và hội chứng FOMO gây căng thẳng; Bảo vệ mắt khỏi ánh sáng xanh, cải thiện nhịp sinh học; Tăng chất lượng tương tác thực tế với người xung quanh",DÀI 65 ký tự,,,
2.12,Thực hiện bài tập thể dục nâng cao (ra được mồ hôi):,medium,medium,10,20,có,"Thực hiện các động tác thể dục chuyên tâm tần suất cao như chạy bộ, cardio, Yoga",5,"1. Mặc đồ thoải mái và mang giày phù hợp. | 2. Khởi động nhẹ nhàng các khớp trong 1-2 phút. | 3. Thực hiện bài tập (đi bộ, nhảy, leo cầu thang) với nhịp độ tăng dần. | 4. Chú ý vào nhịp thở và sự vận động của cơ bắp. | 5. Giãn cơ sau khi hoàn thành để cơ thể phục hồi.","Endorphin được tiết ra giúp giảm đau và tạo cảm giác hưng phấn; Cải thiện tuần hoàn máu lên não, minh mẫn hơn; Tiêu hao lượng adrenaline dư thừa gây bồn chồn",,,,
2.13,"Thay đổi cách giao tiếp với mọi người, trở lên tử tế hơn với tất cả mọi người từ việc nhắn tin, gọi điện, viết email và các phương thức giao tiếp khác. Thay đổi các phát ngôn, dùng từ khi chat, nói chuyện với tất cả mọi người, kể cả những người bạn không",medium,medium,10,20,có,,5,"1. Đeo tai nghe hoặc bật loa với âm lượng vừa phải. | 2. Nhắm mắt lại để tập trung vào thính giác. | 3. Lắng nghe từng nốt nhạc, giai điệu hoặc lời bài hát. | 4. Thả lỏng cơ thể theo nhịp điệu của âm thanh. | 5. Cho phép tâm trí phiêu lưu theo bản nhạc trong ít nhất 5 phút.",Giảm nhịp tim và đồng bộ hóa sóng não thành trạng thái Alpha; Kích thích khu vực vỏ não tiết ra dopamine; Giảm lo âu đáng kể so với việc im lặng thụ động,DÀI 255 ký tự,THIẾU MÔ TẢ,,
2.14,"List danh sách những người Toxic lên danh sách những người đưa chuyện, người xấu tính, người mách lẻo, người luôn đổ lỗi, người luôn “chỉ muốn cho bản thân”, người ích kỷ, người hay nói xấu, người luôn xả rác, người thiếu tôn trọng người khác và bản thân…",medium,medium,10,20,có,,5,"1. Xác định người hoặc tổ chức bạn muốn tương tác hoặc giúp đỡ. | 2. Chủ động liên hệ, gọi điện hoặc lên kế hoạch gặp mặt. | 3. Giao tiếp với thái độ chân thành, cởi mở, không phán xét. | 4. Lắng nghe tích cực và thể hiện sự thiện chí/đóng góp của bạn. | 5. Ghi nhận cảm xúc ấm áp sau khi kết nối xã hội hoàn thành.","Tăng nồng độ Oxytocin (hormone gắn kết tình cảm, giảm stress); Giảm cảm giác cô đơn và trầm cảm; Tạo động lực và nâng cao sự tự tôn thông qua giá trị trao đi",DÀI 255 ký tự,THIẾU MÔ TẢ,,
2.15,Giảm tần suất sử dụng thuốc lá và rượu bia,medium,medium,10,20,có,"Rượu bia mang lại nhiều cảm xúc tích cực nhưng chỉ là vỏ bọc hoặc 1 ít, hầu hết nó đem lại sự thiếu kiểm soát, chỉ là công cụ để người dùng tạm quên thực tại",5,"1. Bước 1: Tìm một không gian yên tĩnh và dừng các việc đang làm. | 2. Bước 2: Hít một hơi thật sâu và chuẩn bị tinh thần thư giãn. | 3. Bước 3: Bắt đầu thực hiện bài tập 'Giảm tần suất sử dụng thuốc lá và rượu bia'. | 4. Bước 4: Tập trung vào cảm nhận hiện tại, loại bỏ những suy nghĩ phiền nhiễu. | 5. Bước 5: Ghi nhận sự thay đổi tích cực sau khi hoàn thành.","Giảm mức độ cortisol, giúp hệ thần kinh thư giãn; Tạo ra hormone hạnh phúc (endorphin/dopamine); Giúp chuyển hướng sự chú ý khỏi tác nhân gây lo âu",,,1.14,
2.16,Ghi chú cảm xúc (Emotion Diary),medium,medium,10,20,có,Viết ra 3 cảm xúc họ trải qua trong ngày và nguyên nhân gây ra những cảm xúc đó.,5,"1. Bước 1: Tìm một không gian yên tĩnh và dừng các việc đang làm. | 2. Bước 2: Hít một hơi thật sâu và chuẩn bị tinh thần thư giãn. | 3. Bước 3: Bắt đầu thực hiện bài tập 'Ghi chú cảm xúc (Emotion Diary)'. | 4. Bước 4: Tập trung vào cảm nhận hiện tại, loại bỏ những suy nghĩ phiền nhiễu. | 5. Bước 5: Ghi nhận sự thay đổi tích cực sau khi hoàn thành.","Giảm mức độ cortisol, giúp hệ thần kinh thư giãn; Tạo ra hormone hạnh phúc (endorphin/dopamine); Giúp chuyển hướng sự chú ý khỏi tác nhân gây lo âu",,,,
2.17,Gấp giấy Origami (Origami Challenge),medium,medium,10,20,có,Hướng dẫn người dùng gấp một hình đơn giản như con hạc hoặc ngôi sao theo video.,5,1. Chuẩn bị một tờ giấy vuông (Origami). | 2. Mở video hướng dẫn gấp giấy trên Youtube. | 3. Chậm rãi làm theo từng bước gấp giấy. | 4. Chăm chút nếp gấp và tập trung vào ngón tay. | 5. Hoàn thành mô hình và tận hưởng thành quả.,"Giảm mức độ cortisol, giúp hệ thần kinh thư giãn; Tạo ra hormone hạnh phúc (endorphin/dopamine); Giúp chuyển hướng sự chú ý khỏi tác nhân gây lo âu",,,,
2.18,Ngắm bầu trời (Sky Gazing Task),medium,medium,10,20,có,Yêu cầu người dùng dành 5 phút để ngắm bầu trời và ghi nhận những gì họ thấy.,5,"1. Bước 1: Tìm một không gian yên tĩnh và dừng các việc đang làm. | 2. Bước 2: Hít một hơi thật sâu và chuẩn bị tinh thần thư giãn. | 3. Bước 3: Bắt đầu thực hiện bài tập 'Ngắm bầu trời (Sky Gazing Task)'. | 4. Bước 4: Tập trung vào cảm nhận hiện tại, loại bỏ những suy nghĩ phiền nhiễu. | 5. Bước 5: Ghi nhận sự thay đổi tích cực sau khi hoàn thành.","Giảm mức độ cortisol, giúp hệ thần kinh thư giãn; Tạo ra hormone hạnh phúc (endorphin/dopamine); Giúp chuyển hướng sự chú ý khỏi tác nhân gây lo âu",,,,
2.19,Hát,medium,medium,10,20,có,"Hát bất cứ đâu, karaoke hoặc phòng tắm, bạn có thể nhâm nhi vài li bia với bạn bè và bắt đầu hát",5,"1. Đeo tai nghe hoặc bật loa với âm lượng vừa phải. | 2. Nhắm mắt lại để tập trung vào thính giác. | 3. Lắng nghe từng nốt nhạc, giai điệu hoặc lời bài hát. | 4. Thả lỏng cơ thể theo nhịp điệu của âm thanh. | 5. Cho phép tâm trí phiêu lưu theo bản nhạc trong ít nhất 5 phút.",Giảm nhịp tim và đồng bộ hóa sóng não thành trạng thái Alpha; Kích thích khu vực vỏ não tiết ra dopamine; Giảm lo âu đáng kể so với việc im lặng thụ động,,,,
2.2,"Thay đổi góc nhìn: Thách thức những suy nghĩ u sầu và thay thế chúng bằng những suy nghĩ tích cực thông qua việc thay đổi góc nhìn. Mất việc thì có thể thay đổi góc nhìn bằng việc có cơ hội công việc khác, trải nghiệm mới mẻ tốt hơn. Những việc đang nghĩ",medium,medium,10,20,có,,5,"1. Lấy một cuốn sổ hoặc mở ứng dụng ghi chú. | 2. Hồi tưởng lại những khoảnh khắc, sự việc vừa diễn ra trong ngày. | 3. Viết ra 3 điều cụ thể mà bạn cảm thấy biết ơn hoặc tự hào. | 4. Viết kèm lý do tại sao điều đó lại có ý nghĩa với bạn. | 5. Đọc lại danh sách và mỉm cười ghi nhận những giá trị tốt đẹp.",Tái cấu trúc thần kinh (neuroplasticity) theo hướng tích cực; Giảm triệu chứng trầm cảm lên đến 30% nếu thực hành lâu dài; Tăng cường sản sinh serotonin tự nhiên,DÀI 255 ký tự,THIẾU MÔ TẢ,,
2.2,Ôm,medium,medium,10,20,có,Hãy ôm ai đó trong vòng 20s,5,"1. Bước 1: Tìm một không gian yên tĩnh và dừng các việc đang làm. | 2. Bước 2: Hít một hơi thật sâu và chuẩn bị tinh thần thư giãn. | 3. Bước 3: Bắt đầu thực hiện bài tập 'Ôm'. | 4. Bước 4: Tập trung vào cảm nhận hiện tại, loại bỏ những suy nghĩ phiền nhiễu. | 5. Bước 5: Ghi nhận sự thay đổi tích cực sau khi hoàn thành.","Giảm mức độ cortisol, giúp hệ thần kinh thư giãn; Tạo ra hormone hạnh phúc (endorphin/dopamine); Giúp chuyển hướng sự chú ý khỏi tác nhân gây lo âu",,,,
2.21,Tạo hình từ đám mây (Cloud Imagination),medium,medium,10,20,có,Quan sát các đám mây và tưởng tượng chúng thành hình thù vui nhộn. Ghi chú lại trải nghiệm.,5,"1. Bước 1: Tìm một không gian yên tĩnh và dừng các việc đang làm. | 2. Bước 2: Hít một hơi thật sâu và chuẩn bị tinh thần thư giãn. | 3. Bước 3: Bắt đầu thực hiện bài tập 'Tạo hình từ đám mây (Cloud Imagination)'. | 4. Bước 4: Tập trung vào cảm nhận hiện tại, loại bỏ những suy nghĩ phiền nhiễu. | 5. Bước 5: Ghi nhận sự thay đổi tích cực sau khi hoàn thành.","Giảm mức độ cortisol, giúp hệ thần kinh thư giãn; Tạo ra hormone hạnh phúc (endorphin/dopamine); Giúp chuyển hướng sự chú ý khỏi tác nhân gây lo âu",,,,
2.22,"Tránh dùng thiết bị điện tử trước khi ngủ. Tạo môi trường ngủ tối, yên tĩnh, ánh sáng dịu nhẹ và nhiệt độ mát mẻ hoặc ấm áp",medium,medium,10,20,có,,5,"1. Tạo môi trường mờ tối, nhiệt độ mát mẻ và yên tĩnh. | 2. Rời xa điện thoại di động ít nhất 15-30 phút trước đó. | 3. Nằm thả lỏng trên giường, nhắm mắt lại. | 4. Quét cơ thể từ ngón chân lên đỉnh đầu, thả lỏng từng phần. | 5. Cho phép bản thân chìm vào giấc ngủ tự nhiên không gượng ép.",Phục hồi năng lượng cho tế bào và dọn dẹp 'rác thải' trong não; Cân bằng lại hormone stress cortisol và adrenaline; Tăng cường trí nhớ và khả năng giải quyết vấn đề,DÀI 123 ký tự,THIẾU MÔ TẢ,,
2.23,Tham gia một lớp học hoặc nhóm tập nhạc cụ mới,medium,medium,10,20,có,Yêu cầu người dùng tham gia lớp học hoặc tập một nhạc cụ mới sẽ giúp người dùng kết nối nhiều hơn với cuộc sống và tìm cho mình những đam mê mới,5,"1. Đeo tai nghe hoặc bật loa với âm lượng vừa phải. | 2. Nhắm mắt lại để tập trung vào thính giác. | 3. Lắng nghe từng nốt nhạc, giai điệu hoặc lời bài hát. | 4. Thả lỏng cơ thể theo nhịp điệu của âm thanh. | 5. Cho phép tâm trí phiêu lưu theo bản nhạc trong ít nhất 5 phút.",Giảm nhịp tim và đồng bộ hóa sóng não thành trạng thái Alpha; Kích thích khu vực vỏ não tiết ra dopamine; Giảm lo âu đáng kể so với việc im lặng thụ động,,,,
2.24,Tìm lại cho bản thân những đam mê cũ và làm mới nó,medium,medium,10,20,có,"Tập trung quá và công việc và cuộc sống cũng làm bạn căng thẳng, hãy tìm lại những đam mê cũ của mình và dành thời gian cho nó. Vì lúc đó, bạn đang làm việc một cách vui vẻ và nhẹ nhõm",5,"1. Bước 1: Tìm một không gian yên tĩnh và dừng các việc đang làm. | 2. Bước 2: Hít một hơi thật sâu và chuẩn bị tinh thần thư giãn. | 3. Bước 3: Bắt đầu thực hiện bài tập 'Tìm lại cho bản thân những đam mê cũ và làm mới nó'. | 4. Bước 4: Tập trung vào cảm nhận hiện tại, loại bỏ những suy nghĩ phiền nhiễu. | 5. Bước 5: Ghi nhận sự thay đổi tích cực sau khi hoàn thành.","Giảm mức độ cortisol, giúp hệ thần kinh thư giãn; Tạo ra hormone hạnh phúc (endorphin/dopamine); Giúp chuyển hướng sự chú ý khỏi tác nhân gây lo âu",,,,
2.25,Lên Kế hoạch,medium,medium,10,20,có,"Nếu cuộc sống bạn quá bế tắc, dù đã thử những cách trên mà không thể giảm stress, căng thẳng, hãy xé nhỏ kế hoạch của bạn thành từng bước đi, mục tiêu nhỏ để dần hoàn thành. Việc lập kế hoạch sẽ làm bạn giảm căng thẳng 1 cách tích cực.",5,"1. Bước 1: Tìm một không gian yên tĩnh và dừng các việc đang làm. | 2. Bước 2: Hít một hơi thật sâu và chuẩn bị tinh thần thư giãn. | 3. Bước 3: Bắt đầu thực hiện bài tập 'Lên Kế hoạch'. | 4. Bước 4: Tập trung vào cảm nhận hiện tại, loại bỏ những suy nghĩ phiền nhiễu. | 5. Bước 5: Ghi nhận sự thay đổi tích cực sau khi hoàn thành.","Giảm mức độ cortisol, giúp hệ thần kinh thư giãn; Tạo ra hormone hạnh phúc (endorphin/dopamine); Giúp chuyển hướng sự chú ý khỏi tác nhân gây lo âu",,,,
2.26,Xây dựng hoặc cải thiện mối quan hệ tích cực: Tìm kiếm cơ hội làm việc với những đồng nghiệp tạo năng lượng và tránh những người làm bạn cạn kiệt năng lượng. Xây dựng mối quan hệ bằng cách thông báo những tin tốt lành hoặc bày tỏ lòng biết ơn.,medium,medium,10,20,có,,5,"1. Lấy một cuốn sổ hoặc mở ứng dụng ghi chú. | 2. Hồi tưởng lại những khoảnh khắc, sự việc vừa diễn ra trong ngày. | 3. Viết ra 3 điều cụ thể mà bạn cảm thấy biết ơn hoặc tự hào. | 4. Viết kèm lý do tại sao điều đó lại có ý nghĩa với bạn. | 5. Đọc lại danh sách và mỉm cười ghi nhận những giá trị tốt đẹp.",Tái cấu trúc thần kinh (neuroplasticity) theo hướng tích cực; Giảm triệu chứng trầm cảm lên đến 30% nếu thực hành lâu dài; Tăng cường sản sinh serotonin tự nhiên,DÀI 243 ký tự,THIẾU MÔ TẢ,,
2.27,"Cư xử đúng mực: Học cách cư xử lịch thiệp và quan tâm đến mọi người, bắt đầu từ gia đình.",medium,medium,10,20,có,,5,"1. Xác định người hoặc tổ chức bạn muốn tương tác hoặc giúp đỡ. | 2. Chủ động liên hệ, gọi điện hoặc lên kế hoạch gặp mặt. | 3. Giao tiếp với thái độ chân thành, cởi mở, không phán xét. | 4. Lắng nghe tích cực và thể hiện sự thiện chí/đóng góp của bạn. | 5. Ghi nhận cảm xúc ấm áp sau khi kết nối xã hội hoàn thành.","Tăng nồng độ Oxytocin (hormone gắn kết tình cảm, giảm stress); Giảm cảm giác cô đơn và trầm cảm; Tạo động lực và nâng cao sự tự tôn thông qua giá trị trao đi",DÀI 89 ký tự,THIẾU MÔ TẢ,,
2.3,Thiền 5-10 phút (Meditation Task),medium,medium,10,20,có,"Hướng dẫn người dùng thực hiện thiền với giọng hướng dẫn hoặc hiệu ứng âm thanh. Có thể theo dõi nhịp thở và thời gian thiền. Ngồi thẳng người (có thể nằm thẳng), ngửa cổ (để có thể lấy được lượng oxi nhiều nhất), tập trung vào hơi thở, chấp nhận những luồng suy nghĩ đến và mời chúng ra đi, chấp nhận kể cả những luồng suy nghĩ xấu của bản thân, sự khó chịu đến rồi nhẹ nhàng đưa chúng dần ra ngoài, chỉ để lại sự dễ chịu.",5,"1. Chọn tư thế ngồi thẳng lưng thoải mái. | 2. Nhắm mắt và đem sự chú ý hướng về hơi thở tự nhiên. | 3. Khi có suy nghĩ khác chen ngang, đừng phán xét, hãy ghi nhận chúng. | 4. Nhẹ nhàng đưa sự chú ý quay lại hơi thở. | 5. Duy trì trạng thái hiện diện này cho đến khi kết thúc thời gian.","Làm dày vỏ não trước trán, cải thiện khả năng điều tiết cảm xúc; Giảm kích thước hạch hạnh nhân (amygdala) liên quan đến lo âu; Tăng khả năng tập trung (attention span)",,,,
2.4,Tập thói quen ngồi/đi lại thẳng người,medium,medium,10,20,có,"Hướng dẫn người dùng ngồi thẳng người, đi đứng thẳng người để lấy được lượng oxi tốt nhất và giảm áp lực cho xương sống",5,"1. Xác định người hoặc tổ chức bạn muốn tương tác hoặc giúp đỡ. | 2. Chủ động liên hệ, gọi điện hoặc lên kế hoạch gặp mặt. | 3. Giao tiếp với thái độ chân thành, cởi mở, không phán xét. | 4. Lắng nghe tích cực và thể hiện sự thiện chí/đóng góp của bạn. | 5. Ghi nhận cảm xúc ấm áp sau khi kết nối xã hội hoàn thành.","Tăng nồng độ Oxytocin (hormone gắn kết tình cảm, giảm stress); Giảm cảm giác cô đơn và trầm cảm; Tạo động lực và nâng cao sự tự tôn thông qua giá trị trao đi",,,,
2.5,"Bài tập ""Thở vuông"" (Box Breathing)",medium,medium,10,20,có,"Hướng dẫn người dùng hít vào 4 giây, giữ hơi thở 4 giây, thở ra 4 giây, giữ hơi thở tiếp 4 giây. Thực hiện 5 vòng.",5,"1. Ngồi hoặc nằm ở tư thế thoải mái, giữ thẳng lưng. | 2. Đặt một tay lên bụng để cảm nhận nhịp thở. | 3. Hít vào từ từ bằng mũi trong 4 giây, bụng phình ra. | 4. Giữ hơi thở lại trong 4 giây. | 5. Thở ra từ từ bằng miệng trong 4 giây, lặp lại quy trình 5 vòng.","Kích hoạt hệ thần kinh phó giao cảm (rest and digest); Làm chậm nhịp tim và giảm huyết áp ngay lập tức; Tăng cường oxy lên não, cải thiện độ tập trung",,,,
2.6,Thiết lập mục tiêu nhỏ trong ngày và chiến thắng mục tiêu này (Micro-goal Setting),medium,medium,10,20,có,"Hướng dẫn người dùng chọn một mục tiêu nhỏ và hoàn thành trong ngày (dọn bàn làm việc, đọc 10 trang sách).",5,"1. Bước 1: Tìm một không gian yên tĩnh và dừng các việc đang làm. | 2. Bước 2: Hít một hơi thật sâu và chuẩn bị tinh thần thư giãn. | 3. Bước 3: Bắt đầu thực hiện bài tập 'Thiết lập mục tiêu nhỏ trong ngày và chiến thắng mục tiêu này (Micro-goal Setting)'. | 4. Bước 4: Tập trung vào cảm nhận hiện tại, loại bỏ những suy nghĩ phiền nhiễu. | 5. Bước 5: Ghi nhận sự thay đổi tích cực sau khi hoàn thành.","Giảm mức độ cortisol, giúp hệ thần kinh thư giãn; Tạo ra hormone hạnh phúc (endorphin/dopamine); Giúp chuyển hướng sự chú ý khỏi tác nhân gây lo âu",DÀI 82 ký tự,,,
2.7,Đi bộ ngắm cảnh và hòa mình vào thiên nhiên (Mindful Walk Quest),medium,medium,10,20,có,"Yêu cầu người dùng đi bộ ít nhất 30 phút, chụp một bức ảnh về khung cảnh họ thấy đẹp nhất hoặc ghi lại cảm nhận sau khi đi bộ. Hòa mình vào thiên nhiên, chạm vào thiên nhiên, cảm nhật bằng hết mọi giác quan với thiên nhiên sẽ giúp người dùng giảm stress. Nếu được hãy đi bộ bằng đôi chân trần",5,"1. Mặc đồ thoải mái và mang giày phù hợp. | 2. Khởi động nhẹ nhàng các khớp trong 1-2 phút. | 3. Thực hiện bài tập (đi bộ, nhảy, leo cầu thang) với nhịp độ tăng dần. | 4. Chú ý vào nhịp thở và sự vận động của cơ bắp. | 5. Giãn cơ sau khi hoàn thành để cơ thể phục hồi.","Endorphin được tiết ra giúp giảm đau và tạo cảm giác hưng phấn; Cải thiện tuần hoàn máu lên não, minh mẫn hơn; Tiêu hao lượng adrenaline dư thừa gây bồn chồn",DÀI 64 ký tự,,,
2.8,Tạo cho bản thân chiếc neo cảm xúc (Emotion Anchor),medium,medium,10,20,có,"Tạo cho mình một chiếc neo cảm xúc, đó có thể là tiếng cười của con trẻ, người thân, những người họ yêu mến và yêu mến họ, nghĩ về họ và những kỷ niệm vui vẻ xung quanh có được với họ trong quá khứ.",5,"1. Bước 1: Tìm một không gian yên tĩnh và dừng các việc đang làm. | 2. Bước 2: Hít một hơi thật sâu và chuẩn bị tinh thần thư giãn. | 3. Bước 3: Bắt đầu thực hiện bài tập 'Tạo cho bản thân chiếc neo cảm xúc (Emotion Anchor)'. | 4. Bước 4: Tập trung vào cảm nhận hiện tại, loại bỏ những suy nghĩ phiền nhiễu. | 5. Bước 5: Ghi nhận sự thay đổi tích cực sau khi hoàn thành.","Giảm mức độ cortisol, giúp hệ thần kinh thư giãn; Tạo ra hormone hạnh phúc (endorphin/dopamine); Giúp chuyển hướng sự chú ý khỏi tác nhân gây lo âu",,,,
2.9,Tạo hộp hạnh phúc (Happiness box),medium,medium,10,20,có,"Tạo cho mình một chiếc hộp hạnh phúc với những đồ vật kỷ niệm tạo động lực cho bản thân, đó có thể là một món quà của người bạn, kỷ vật của mẹ hay những đồ vật gắn với những kỷ niệm hạnh phúc.",5,"1. Bước 1: Tìm một không gian yên tĩnh và dừng các việc đang làm. | 2. Bước 2: Hít một hơi thật sâu và chuẩn bị tinh thần thư giãn. | 3. Bước 3: Bắt đầu thực hiện bài tập 'Tạo hộp hạnh phúc (Happiness box)'. | 4. Bước 4: Tập trung vào cảm nhận hiện tại, loại bỏ những suy nghĩ phiền nhiễu. | 5. Bước 5: Ghi nhận sự thay đổi tích cực sau khi hoàn thành.","Giảm mức độ cortisol, giúp hệ thần kinh thư giãn; Tạo ra hormone hạnh phúc (endorphin/dopamine); Giúp chuyển hướng sự chú ý khỏi tác nhân gây lo âu",,,,
